id;nom;insee;adresse;url;type_usagers;gratuit;nb_places;nb_pr;nb_pmr;nb_voitures_electriques;nb_velo;nb_2r_el;nb_autopartage;nb_2_rm;nb_covoit;hauteur_max;num_siret;Xlong;Ylat;tarif_pmr;tarif_1h;tarif_2h;tarif_3h;tarif_4h;tarif_24h;abo_resident;abo_non_resident;type_ouvrage;info
69029-P-001;Mermoz Pinel;69029;;;;;309;309;;;;;;;;;30807763500024;4.889791771058684;45.73047896009651;;;;;;;;;;Ouvert de 4h30 à 1h00 du dimanche au jeudi, et de 4h30 à 3h00 les vendredis et samedis - Niveau 3 réservé aux abonnés PREMIUM : 100 places dont 3 places handicapés
69123-P-030;Part-Dieu - Félix Faure;69123;29 Rue Danton, 69003, Lyon;https://www.lpa-and-co.fr/;abonnés;false;-1;;;;;;;;;190;96950545200017;4.85749879;45.75391423;;;3;;;24;8;8;;
69123-P-018;Albert Thomas - Gazagnon;69123;8 Impasse Gazagnon, 69003, Lyon;https://www.lpa-and-co.fr/;abonnés;false;-1;;;;;;;;;200;96950545200017;4.87498675;45.74763872;;;;;;;90;90;;
69123-P-010;Montchat - Dr Long;69123;177 Cours Dr Long, 69003, Lyon;https://www.lpa-and-co.fr/;abonnés;false;-1;;;;;;;;;190;96950545200017;4.89453;45.7528755;;;;;;;95;95;;
69123-P-008;Jean Jaurès - Simone de Beauvoir;69123;15 Rue Simone de Beauvoir, 69007, Lyon;https://www.lpa-and-co.fr/;abonnés;false;-1;;;;;;;;;180;96950545200017;4.8334;45.7357048;;;;;;;97;97;;
69123-P-034;Part-Dieu – Vauban;69123;106 Rue Vauban, 69006, Lyon;https://www.lpa-and-co.fr/;abonnés;false;-1;;;;;;;;;190;96950545200017;4.85266281;45.7656689;;;3;;;24;8;8;;
69123-P-033;Part-Dieu - Masséna;69123;102 Rue Masséna, 69006, Lyon;https://www.lpa-and-co.fr/;abonnés;false;-1;;;;;;;;;190;96950545200017;4.8548177;45.76551;;;3;;;24;135;135;;
69123-P-029;Part-Dieu - Brotteaux;69123;49 Boulevard des Brotteaux, 69006, Lyon;https://www.lpa-and-co.fr/;abonnés;false;-1;;;;;;;;;190;96950545200017;4.85735315;45.76486005;;;3;;;24;125;125;;
69123-P-035;Thiers - Bellecombe;69123;28 Rue Petrequin, 69006, Lyon;https://www.lpa-and-co.fr/;abonnés;false;-1;;;;;;;;;180;96950545200017;4.86248494;45.76753786;;;;;;;85;85;;
69123-P-028;Gare Part-Dieu - Flandin;69123;23 Rue Maurice Flandin, 69003, Lyon;https://www.lpa-and-co.fr/;abonnés;false;-1;;;;;;;;;190;96950545200017;4.8630575;45.7616839;;;3;;;24;110;110;;
69123-P-006;Garibaldi - Blandan;69123;32 Rue du Béguin, 69007, Lyon;https://www.lpa-and-co.fr/;abonnés;false;-1;;;;;;;;;180;96950545200017;4.85235135;45.74830557;;;;;;;85;85;;
69123-P-043;Université Lyon 3 - Dauphiné;69123;15 Rue du Dauphiné, 69003, Lyon;https://www.lpa-and-co.fr/;abonnés;false;-1;;;;;;;;;190;96950545200017;4.86488288;45.75051555;;;2;;;15;70;70;;
69123-P-031;Saint-Théodore;69123;4 Rue du Dauphiné, 69003, Lyon;https://www.lpa-and-co.fr/;abonnés;false;-1;;;;;;;;;195;96950545200017;4.86224592;45.74979759;;;;;;;80;80;;
69276-P-004;Hopital Feyzin Vénissieux;69276;;;;;78;78;;;;;;;;;30807763500024;4.864566376936481;45.688590129434694;;;;;;;;;;Ouvert de 4h30 à 1h00, du lundi au dimanche
69123-P-097;LPA Les Halles;69123;156 rue Garibaldi, 69003, Lyon;http://www.lpa.fr/se-garer-dans-un-parking/tous-les-parkings/les-halles/#informations;tous;false;456;;10;9;108;;2;43;;180;96950545200017;4.85133;45.76287;;3;6;9;12;46.6;96;150;ouvrage;
69123-P-133;LPA Perrache;69123;Centre d'échange Lyon Perrache, 69002, Lyon;http://www.lpa.fr/se-garer-dans-un-parking/tous-les-parkings/perrache/#informations;tous;false;869;;10;4;0;;0;30;;180;96950545200017;4.828786;45.749339;;3.4;6.8;10.2;13.6;32;122;199;ouvrage;
69123-P-082;LPA Hôtel de Ville;69123;place Louis Pradel, 69001, Lyon;http://www.lpa.fr/se-garer-dans-un-parking/tous-les-parkings/hotel-de-ville/#informations;tous;false;211;;4;0;62;;6;6;;190;96950545200017;4.83773;45.768522;;3.4;6.8;10.2;13.6;52.8;133;232;ouvrage;
69123-P-003;Monplaisir Lumière;69123;10 Rue Saint-Fulbert, 69008, Lyon;https://www.lpa-and-co.fr/;abonnés;false;-1;;;;;;;;;190;96950545200017;4.8649296;45.7443647;;;;;;;90;90;;
69123-P-142;Vaise 1;69123;;;;;497;497;;;;;;;;;30807763500024;4.805588297174132;45.78166094769481;;;;;;;;;;Ouvert de 4h30 à 1h00 du dimanche au jeudi, et de 4h30 à 3h00 les vendredis et samedis - Réservé aux abonnés TCL en période d'ouverture du P+R Vaise 2
69123-P-015;Halle Tony Garnier - Varille;69123;4 Rue Mathieu Varille, 69007, Lyon;https://www.lpa-and-co.fr/;abonnés;false;-1;;;;;;;;;190;96950545200017;4.82701594;45.7327109;;;;;;;70;70;;
69123-P-016;Montchat - Jules Verne;69123;115 Avenue Lacassagne, 69003, Lyon;https://www.lpa-and-co.fr/;abonnés;false;-1;;;;;;;;;190;96950545200017;4.8761289;45.7496825;;;;;;;65;65;;
69123-P-042;Simondan;69123;23 Rue Sylvain Simondan, 69009, Lyon;https://www.lpa-and-co.fr/;abonnés;false;-1;;;;;;;;;190;96950545200017;4.83146958;45.8024862;;;;;;;55;55;;
69123-P-074;Jean Macé - Rue Victor Lagrange;69123;2 Rue des Bons Enfants, 69007, Lyon;https://www.lpa-and-co.fr/;abonnés;false;-1;;;;;;;;;200;;4.8381886;45.7439597;;;;;;;90;90;;
69123-P-077;Jean Jaurès - 10 rue des Girondins;69123;10 Rue des Girondins, 69007, Lyon;https://www.lpa-and-co.fr/;abonnés;false;-1;;;;;;;;;195;96950545200017;4.8275937;45.7393553;;;;;;;82;82;;
69123-P-076;Croix Rousse - 6 rue Ruplinger;69123;6 Rue Ruplinger, 69004, Lyon;https://www.lpa-and-co.fr/;abonnés;false;-1;;;;;;;;;175;96950545200017;4.8376214;45.7811026;;;;;;;115;115;;
69034-P-004;Cuire;69034;;;;;78;78;;;;;;;;;30807763500024;4.831366466648927;45.786419975815534;;;;;;;;;;Ouvert de 4h30 à 1h00 du dimanche au jeudi, et de 4h30 à 3h00 les vendredis et samedis - Réservé aux abonnés TCL
69123-P-119;Gare Part-Dieu - Galaxie P3;69123;70 Rue Maurice Flandin, 69003, Lyon;https://www.lpa-and-co.fr/;abonnés;false;-1;;;;;;;;;180;;4.8627865;45.7587869;;;;;;;160;160;;
69123-P-129;Lyon 7 - rue du Vercors;69123;31 Rue du Vercors, 69007, Lyon;https://www.lpa-and-co.fr/;abonnés;false;-1;;;;;;;;;195;96950545200017;4.82874828;45.72880061;;;;;;;60;60;;
69091-P-001;Givors - rue Robespierre;69091;5 Rue des Gagnoles, 69700, Givors;https://www.lpa-and-co.fr/;abonnés;false;-1;;;;;;;;;250;96950545200017;4.7695344;45.5866981;;;;;;;25;25;;
69069-P-002;Craponne - Grand Champ;69069;88 Imp. du Grand Champ, 69290, Craponne;https://www.lpa-and-co.fr/;abonnés;false;-1;;;;;;;;;190;96950545200017;4.720431;45.7464754;;;;;;;50;50;;
69069-P-003;Craponne - 36 rue Centrale;69069;36 Rue Centrale, 69290, Craponne;https://www.lpa-and-co.fr/;abonnés;false;-1;;;;;;;;;190;96950545200017;4.7181187;45.7460889;;;;;;;35;35;;
69149-P-004;Oullins - Célestins;69149;40 Chem. des Célestins, 69600, Oullins;https://www.lpa-and-co.fr/;abonnés;false;-1;;;;;;;;;190;96950545200017;4.79737956;45.71983106;;;;;;;72;72;;
69266-P-018;Villeurbanne - Pressencé;69266;66 Rue Greuze, 69100, Villeurbanne;https://www.lpa-and-co.fr/;abonnés;false;-1;;;;;;;;;190;96950545200017;4.8935235;45.7692357;;;;;;;55;55;;
69266-P-019;Villeurbanne - Filature;69266;55 Rue de la Filature, 69100, Villeurbanne;https://www.lpa-and-co.fr/;abonnés;false;-1;;;;;;;;;190;96950545200017;4.8827307;45.7782202;;;;;;;63;63;;
69112-P-001;Lentilly - Nationale 7;69112;145 D307, 69210, Lentilly;https://www.lpa-and-co.fr/;abonnés;false;-1;;;;;;;;;190;96950545200017;4.6752422;45.8228812;;;;;;;75;75;;
69123-P-130;Grange Blanche - Laënnec;69123;68 Rue Laënnec, 69008, Lyon;https://www.lpa-and-co.fr/;abonnés;false;-1;;;;;;;;;200;96950545200017;4.8825468;45.738906;;;;;;;63;63;;
69286-P-001;Rillieux-la-Pape - Ampère;69286;250 Rue Ampère, 69140, Rillieux-la-Pape;https://www.lpa-and-co.fr/;abonnés;false;-1;;;;;;;;;200;96950545200017;4.90045745;45.81928465;;;;;;;36;36;;
69123-P-131;Marché Gare - La Confluence;69123;41 Quai Perrache, 69002, Lyon;https://www.lpa-and-co.fr/;abonnés;false;-1;;;;;;;;;230;96950545200017;4.8215964;45.7383908;;;;;;;160;160;;
69123-P-132;Lyon 1 - Saint-Vincent;69123;2 Imp. Tavernier, 69001, Lyon;https://www.lpa-and-co.fr/;abonnés;false;-1;;;;;;;;;190;96950545200017;4.8273519;45.7690789;;;;;;;135;135;;
69202-P-002;Sainte-Foy-lès-Lyon - Grand Vallon;69202;17 Chem. des Prés, 69110, Sainte-Foy-lès-Lyon;https://www.lpa-and-co.fr/;abonnés;false;-1;;;;;;;;;190;96950545200017;4.791828;45.7431727;;;;;;;73;73;;
69153-P-001;Poleymieux-au-Mont-d'Or - Quartier de l'ancienne église;69153;45 Chem. du Pavillon, 69250, Poleymieux-au-Mont-d'Or;https://www.lpa-and-co.fr/;abonnés;false;-1;;;;;;;;;300;;4.7967263;45.8628753;;;;;;;39;39;;
69123-P-157;Lyon 8 - Mermoz;69123;32 Rue Professeur Ranvier, 69008, Lyon;https://www.lpa-and-co.fr/;abonnés;false;-1;;;;;;;;;195;;4.88654981;45.7342939;;;;;;;100;100;;
69123-P-095;LPA Bonnel Servient;69123;183 rue de Créqui, 69003, Lyon;http://www.lpa.fr/se-garer-dans-un-parking/tous-les-parkings/bonnel-servient/#informations;tous;false;769;;10;0;0;;0;6;;180;96950545200017;4.84847;45.76178;;3;6;9;12;46.6;96;150;ouvrage;
69123-P-099;LPA Croix Rousse;69123;73 rue de Belfort, 69004, Lyon;http://www.lpa.fr/se-garer-dans-un-parking/tous-les-parkings/croix-rousse/#informations;tous;false;327;;7;0;60;;3;59;;190;96950545200017;4.83287;45.78162;;3;6;9;12;46.6;96;134;ouvrage;
69123-P-094;LPA Villette P2;69123;38 rue de la Villette, 69003, Lyon;http://www.lpa.fr/se-garer-dans-un-parking/tous-les-parkings/gare-part-dieu/#informations;tous;false;1740;;11;10;0;;0;33;;190;96950545200017;4.8617;45.76054;;;;;;32;;;ouvrage;
69123-P-110;LPA Berthelot;69123;99 rue de Marseille, 69007, Lyon;http://www.lpa.fr/se-garer-dans-un-parking/tous-les-parkings/berthelot/#informations;tous;false;342;;7;12;33;;2;32;;190;96950545200017;4.83638;45.74617;;3;6;9;12;46.6;96;134;ouvrage;
69123-P-101;LPA Saint Georges;69123;6 place Benoît Crépu, 69005, Lyon;http://www.lpa.fr/se-garer-dans-un-parking/tous-les-parkings/st-georges/#informations;tous;false;677;;14;7;73;;4;65;;190;96950545200017;4.827721;45.759798;;3.4;6.8;10.2;13.6;52.8;133;199;ouvrage;
69040-P-001;Champagne-au-Mont-d'Or - La Duchère;69040;28 bis Rue Jean Claude Bartet, 69410, Champagne-au-Mont-d'Or;https://www.lpa-and-co.fr/;abonnés;false;-1;;;;;;;;;190;;4.7948149;45.7913;;;;;;;38;38;;
69290-P-006;Saint-Priest - Boulevard Edouard Herriot;69290;29 Rue Mozart, 69800, Saint-Priest;https://www.lpa-and-co.fr/;abonnés;false;-1;;;;;;;;;200;;4.938571;45.694217;;;;;;;70;70;;
69123-P-066;Lyon 1 - Clinique St Charles;69123;25 Rue de Flesselles, 69001, Lyon;https://www.lpa-and-co.fr/;abonnés;false;-1;;;;;;;;;250;96950545200017;4.82657252;45.76972106;;;;;;;100;100;;
69123-P-067;Lyon 7 - 289 rue Garibaldi;69123;289 Rue Garibaldi, 69007, Lyon;https://www.lpa-and-co.fr/;abonnés;false;-1;;;;;;;;;195;96950545200017;4.8541404;45.7507332;;;;;;;105;105;;
69275-P-001;Décines - Michelet;69275;2 Rue Michelet, 69150, Décines-Charpieu;https://www.lpa-and-co.fr/;abonnés;false;-1;;;;;;;;;190;96950545200017;4.9492098;45.7694956;;;;;;;80;80;;
69123-P-111;LPA Tony Garnier;69123;16 avenue Tony Garnier, 69007, Lyon;http://www.lpa.fr/se-garer-dans-un-parking/tous-les-parkings/tony-garnier/#informations;tous;false;839;;17;20;18;;0;18;;190;96950545200017;4.822946;45.729445;;3.4;6.8;10.2;13.6;49.4;232;232;ouvrage;
69123-P-100;LPA Gros Caillou;69123;167 bis boulevard de la Croix Rousse, 69004, Lyon;http://www.lpa.fr/se-garer-dans-un-parking/tous-les-parkings/gros-caillou/#informations;tous;false;449;;14;20;39;;6;43;;190;96950545200017;4.833557;45.7747;;3;6;9;12;46.6;122;167;ouvrage;
69278-P-001;Genay - rue du Château;69278;258 Rue du Château, 69730, Genay;https://www.lpa-and-co.fr/;abonnés;false;-1;;;;;;;;;195;96950545200017;4.8434867;45.8957384;;;;;;;52;52;;
69123-P-071;Perrache - 28 rue Smith;69123;28 Rue Smith, 69002, Lyon;https://www.lpa-and-co.fr/;abonnés;false;-1;;;;;;;;;180;96950545200017;4.8247942;45.7456712;;;;;;;115;115;;
69123-P-145;Parking Brotteaux;69123;;;;false;410;;10;;0;;0;16;;;;4.859034680045305;45.76690068287272;;;;;;;;;;
69123-P-086;LPA Antonin Poncet;69123;place Antonin Poncet, 69002, Lyon;http://www.lpa.fr/se-garer-dans-un-parking/tous-les-parkings/antonin-poncet/#informations;tous;false;662;;10;10;112;;3;27;;180;96950545200017;4.83587;45.75653;;3.4;6.8;10.2;13.6;52.8;133;232;ouvrage;
69123-P-085;LPA Terreaux;69123;23 place des Terreaux, 69001, Lyon;http://www.lpa.fr/se-garer-dans-un-parking/tous-les-parkings/terreaux/#informations;tous;false;560;;11;40;537;;12;164;;190;96950545200017;4.832217;45.767543;;3.4;6.8;10.2;13.6;52.8;133;232;ouvrage;
69123-P-096;LPA Fosse aux Ours;69123;1 bis place Antonin Jutard, 69003, Lyon;http://www.lpa.fr/se-garer-dans-un-parking/tous-les-parkings/fosse-aux-ours/#informations;tous;false;335;;9;19;117;;3;98;;190;96950545200017;4.84052;45.75714;;3;6;9;12;46.6;133;199;ouvrage;
69266-P-010;LPA Hôtel de Ville Villeurbanne;69266;38 bis rue Michel Servet, 69100, Villeurbanne;http://www.lpa.fr/se-garer-dans-un-parking/tous-les-parkings/hotel-de-ville-villeurbanne/#informations;tous;false;369;;9;0;92;;3;20;;190;96950545200017;4.87877;45.76618;;3;6;9;12;46.6;51;167;ouvrage;
69123-P-104;LPA Morand;69123;11 bis place Maréchal Lyautey, 69006, Lyon;http://www.lpa.fr/se-garer-dans-un-parking/tous-les-parkings/morand/#informations;tous;false;696;;12;20;111;;3;70;;190;96950545200017;4.841533;45.767741;;3.4;6.8;10.2;13.6;52.8;133;232;ouvrage;
69275-P-005;Décines Centre;69275;;;;;105;105;;;;;;;;;30807763500024;4.956418217598331;45.77220376102392;;;;;;;;;;Ouvert de 4h30 à 1h00, du lundi au dimanche
69123-P-011;Part-Dieu - Garibaldi;69123;34 Rue Amédée Bonnet, 69006, Lyon;https://www.lpa-and-co.fr/;abonnés;false;-1;;;;;;;;;195;96950545200017;4.8504035;45.7657768;;;;;;;110;110;;
69123-P-001;Lyon 6 - Vendôme;69123;49 Rue Vauban, 69006, Lyon;https://www.lpa-and-co.fr/;abonnés;false;-1;;;;;;;;;190;96950545200017;4.84669834;45.76522062;;;;;;;210;210;;
69123-P-019;Saxe Gambetta - Villeroy;69123;55 Rue Villeroy, 69003, Lyon;https://www.lpa-and-co.fr/;abonnés;false;-1;;;;;;;;;200;96950545200017;4.84875326;45.75514129;;;;;;;90;90;;
69123-P-007;Guillotière - St Michel;69123;13 Rue Saint-Michel, 69007, Lyon;https://www.lpa-and-co.fr/;abonnés;false;-1;;;;;;;;;190;96950545200017;4.84377949;45.75278343;;;;;;;120;120;;
69123-P-009;Jean Macé - Jaboulay;69123;80 Rue Chevreul, 69007, Lyon;https://www.lpa-and-co.fr/;abonnés;false;-1;;;;;;;;;185;96950545200017;4.8463236;45.7459556;;;3;;;24;95;95;;
69123-P-020;Université Lyon 3 - Boisard;69123;29 Rue Abbé Boisard, 69003, Lyon;https://www.lpa-and-co.fr/;abonnés;false;-1;;;;;;;;;185;96950545200017;4.85863771;45.75084687;;;;;;;90;90;;
69123-P-005;Dauphiné - Lacassagne;69123;5 Rue Professeur Paul Sisley, 69003, Lyon;https://www.lpa-and-co.fr/;abonnés;false;-1;;;;;;;;;220;96950545200017;4.8687362;45.7523382;;;;;;;105;105;;
69123-P-141;Gorge de Loup;69123;;;;;655;655;;;;;;;;;30807763500024;4.80272160800379;45.76650310992938;;;;;;;;;;Ouvert de 4h30 à 1h00 du lundi au jeudi, et de 4h30 à 3h00 les vendredis et samedis - Fermé les dimanches et jours fériés
69123-P-140;LPA Musée des Confluences-Gerland;69123;rue Antonin Perrin, 69007, Lyon;https://parking.lpa.fr/parkings/musee-des-confluences-gerland/#informations;tous;false;150;;4;0;0;;0;8;;195;96950545200017;4.823836;45.731699;;3.4;6.8;10.2;13.6;49.4;232;232;ouvrage;
69123-P-144;Parking Gare Perrache La Confluence;69123;;;;false;649;;13;;0;;;0;;;;4.826043798644121;45.7471167972299;;;;;;;;;;
69123-P-026;Grange Blanche - Longefer;69123;50 Rue Longefer, 69008, Lyon;https://www.lpa-and-co.fr/;abonnés;false;-1;;;;;;;;;190;96950545200017;4.879724;45.7389627;;;;;;;85;85;;
69123-P-012;Paul Santy - Beauvisage;69123;68 Avenue Paul Santy, 69008, Lyon;https://www.lpa-and-co.fr/;abonnés;false;-1;;;;;;;;;200;96950545200017;4.87346042;45.73180815;;;;;;;80;80;;
69123-P-002;Debourg - Georges Gouy;69123;16 Rue Georges Gouy, 69007, Lyon;https://www.lpa-and-co.fr/;abonnés;false;-1;;;;;;;;;155;96950545200017;4.83591654;45.73270041;;;;;;;55;55;;
69123-P-021;85 Debourg;69123;85 Avenue Debourg, 69007, Lyon;https://www.lpa-and-co.fr/;abonnés;false;-1;;;;;;;;;180;96950545200017;4.83614823;45.73137811;;;;;;;65;65;;
69123-P-044;Halle Tony Garnier - Debourg;69123;5 Avenue Debourg, 69007, Lyon;https://www.lpa-and-co.fr/;abonnés;false;-1;;;;;;;;;190;96950545200017;4.82704861;45.73170389;;;2;;;15;92;92;;
69123-P-023;Jean Jaurès - 169 Mérieux;69123;169 Rue Marcel Mérieux, 69007, Lyon;https://www.lpa-and-co.fr/;abonnés;false;-1;;;;;;;;;190;96950545200017;4.8296082;45.736563;;;;;;;68;68;;
69123-P-024;Jean Jaurès - 92 Yves Farge;69123;92 Boulevard Yves Farge, 69007, Lyon;https://www.lpa-and-co.fr/;abonnés;false;-1;;;;;;;;;190;96950545200017;4.8295654;45.7382294;;;;;;;90;90;;
69123-P-022;Jean Jaurès - 100  Yves Farge;69123;100 Boulevard Yves Farge, 69007, Lyon;https://www.lpa-and-co.fr/;abonnés;false;-1;;;;;;;;;190;96950545200017;4.8292579;45.7379407;;;;;;;70;70;;
69123-P-038;Jean Macé - Bons Enfants;69123;4 Rue des Bons Enfants, 69007, Lyon;https://www.lpa-and-co.fr/;abonnés;false;-1;;;;;;;;;180;96950545200017;4.83819834;45.74365239;;;;;;;70;70;;
69123-P-013;Perrache - Seguin;69123;23 Rue Gilibert, 69002, Lyon;https://www.lpa-and-co.fr/;abonnés;false;-1;;;;;;;;;190;96950545200017;4.8228584;45.7466418;;;;;;;115;115;;
69123-P-041;Quai Joseph Gillet - Rue des Entrepôts;69123;7 Rue des Entrepôts, 69004, Lyon;https://www.lpa-and-co.fr/;abonnés;false;-1;;;;;;;;;180;96950545200017;4.81134436;45.77582648;;;;;;;95;95;;
69123-P-039;Croix Rousse - Denfert Rochereau;69123;28 Rue Denfert Rochereau, 69004, Lyon;https://www.lpa-and-co.fr/;abonnés;false;-1;;;;;;;;;190;96950545200017;4.8249063;45.77550197;;;3;;;24;8;8;;
69123-P-040;Croix Rousse - rue de Cuire;69123;39 Rue de Cuire, 69004, Lyon;https://www.lpa-and-co.fr/;abonnés;false;-1;;;;;;;;;190;96950545200017;4.8295453;45.7782557;;;3;;;24;130;130;;
69282-P-004;Meyzieu Gare;69282;;;;;104;104;;;;;;;;;30807763500024;4.997428326174092;45.771707659705456;;;;;;;;;;Ouvert de 4h30 à 1h00 du lundi au dimanche
69123-P-046;Jean Macé - Camille Roy;69123;36 Rue Camille Roy, 69007, Lyon;https://www.lpa-and-co.fr/;abonnés;false;-1;;;;;;;;;185;96950545200017;4.84763773;45.74522011;;;;;;;95;95;;
69123-P-047;Route de Vienne - Fonlupt;69123;11 Rue Antoine Fonlupt, 69008, Lyon;https://www.lpa-and-co.fr/;abonnés;false;-1;;;;;;;;;180;96950545200017;4.8532545;45.7367887;;;;;;;70;70;;
69123-P-049;Debourg - 194 Marcel Mérieux;69123;194 Rue Marcel Mérieux, 69007, Lyon;https://www.lpa-and-co.fr/;abonnés;false;-1;;;;;;;;;195;96950545200017;4.8295944;45.7322479;;;;;;;60;60;;
69123-P-048;Lafayette - Les Halles;69123;92 Cours Lafayette, 69003, Lyon;https://www.lpa-and-co.fr/;abonnés;false;-1;;;;;;;;;200;96950545200017;4.84870628;45.76354113;;;;;;;140;140;;
69123-P-089;LPA Cordeliers;69123;18 rue Claudia, 69002, Lyon;http://www.lpa.fr/se-garer-dans-un-parking/tous-les-parkings/cordeliers/#informations;tous;false;793;;10;20;115;;7;30;;180;96950545200017;4.837211;45.764463;;3.4;6.8;10.2;13.6;52.8;232;232;ouvrage;
69123-P-106;LPA Cité Internationale P0;69123;quai Charles de Gaulle, 69006, Lyon;http://www.lpa.fr/se-garer-dans-un-parking/tous-les-parkings/cite-internationale-p0/#informations;tous;false;954;;20;0;20;;0;20;;190;96950545200017;4.8501;45.7841;;3;6;9;12;40;195;195;ouvrage;
69299-P-001;LPA Aéroport Lyon Saint Exupéry P1 ;69299;Aéroport Saint Exupéry P1, 69125, Colombier-Saugnieu;http://www.lpa.fr/se-garer-dans-un-parking/tous-les-parkings/st-exupery-p1/#informations;tous;false;1968;;10;10;0;;0;11;;190;96950545200017;5.076918;45.719753;;;;;;64.9;;;ouvrage;
69123-P-143;Vaise 2;69123;;;;;730;730;;;;;;;;;30807763500024;4.80623992009839;45.78242071496178;;;;;;;;;;Ouvert de 4h30 à 1h du lundi au jeudi, de 4h30 à 3h le vendredi, de 12h à 3h le samedi - Fermé les dimanches et jours fériés
69244-P-001;Tassin - avenue Charles de Gaulle;69244;223B Av. Charles de Gaulle, 69160, Tassin-la-Demi-Lune;https://www.lpa-and-co.fr/;abonnés;false;-1;;;;;;;;;220;96950545200017;4.7694769;45.75323;;;;;;;73;73;;
69275-P-003;Décines - 325 avenue Jean Jaurès;69275;325 Avenue Jean Jaurès, 69150, Décines-Charpieu;https://www.lpa-and-co.fr/;abonnés;false;-1;;;;;;;;;190;96950545200017;4.97084495;45.77212727;;;;;;;75;75;;
69282-P-001;Meyzieu - boulevard Pierre Mendès France;69282;18 Boulevard Pierre Mendès France, 69330, Meyzieu;https://www.lpa-and-co.fr/;abonnés;false;-1;;;;;;;;;190;96950545200017;4.99055997;45.7620975;;;;;;;60;60;;
69123-P-072;Gorge de Loup - Pierre Audry;69123;64 Rue Pierre Audry, 69009, Lyon;https://www.lpa-and-co.fr/;abonnés;false;-1;;;;;;;;;195;96950545200017;4.807226;45.763152;;;;;;;75;75;;
69046-P-001;Charly - place de la Mairie;69046;67 Place de la Mairie, 69390, Charly;https://www.lpa-and-co.fr/;abonnés;false;-1;;;;;;;;;250;96950545200017;4.79428974;45.64940355;;;;;;;22;22;;
69259-P-005;Vénissieux - Marcel Paul;69259;1 Avenue Marcel Paul, 69200, Vénissieux;https://www.lpa-and-co.fr/;abonnés;false;-1;;;;;;;;;190;96950545200017;4.88142173;45.70118235;;;;;;;80;80;;
69123-P-081;Lyon 7 - Berthelot;69123;99 Rue de Marseille, 69007, Lyon;https://www.lpa-and-co.fr/;abonnés;false;-1;;;;;;;;;190;96950545200017;4.83645283;45.74619065;;;;;;;134;134;;
69123-P-073;128 rue Challemel-Lacour;69123;128 Rue Challemel-Lacour, 69008, Lyon;https://www.lpa-and-co.fr/;abonnés;false;-1;;;;;;;;;195;96950545200017;4.84849613;45.72852244;;;;;;;70;70;;
69266-P-011;Villeurbanne - rue du Docteur Frappaz;69266;13 Rue Dr Frappaz, 69100, Villeurbanne;https://www.lpa-and-co.fr/;abonnés;false;-1;;;;;;;;;195;96950545200017;4.89159329;45.7601609;;;;;;;65;65;;
69266-P-012;Villeurbanne - rue Flachet;69266;30 Rue Flachet, 69100, Villeurbanne;https://www.lpa-and-co.fr/;abonnés;false;-1;;;;;;;;;190;96950545200017;4.8896214;45.769046;;;;;;;80;80;;
69266-P-013;Villeurbanne - 202 avenue Roger Salengro;69266;202 Avenue Roger Salengro, 69100, Villeurbanne;https://www.lpa-and-co.fr/;abonnés;false;-1;;;;;;;;;185;96950545200017;4.88903219;45.78166806;;;;;;;77;77;;
69266-P-014;Villeurbanne - rue Henri;69266;5 Rue Henri, 69100, Villeurbanne;https://www.lpa-and-co.fr/;abonnés;false;-1;;;;;;;;;195;96950545200017;4.88213868;45.77886081;;;;;;;50;50;;
69266-P-015;Villeurbanne - rue Georges Courteline;69266;40 Rue Georges Courteline, 69100, Villeurbanne;https://www.lpa-and-co.fr/;abonnés;false;-1;;;;;;;;;200;96950545200017;4.8788859;45.7788999;;;;;;;45;45;;
69266-P-016;Villeurbanne - rue du Tonkin;69266;4 Rue du Tonkin, 69100, Villeurbanne;https://www.lpa-and-co.fr/;abonnés;false;-1;;;;;;;;;190;96950545200017;4.8649024;45.7785551;;;;;;;40;40;;
69275-P-004;Décines Charpieu - rue Nansen;69275;1 Rue Nansen, 69150, Décines-Charpieu;https://www.lpa-and-co.fr/;abonnés;false;-1;;;;;;;;;200;96950545200017;4.9445271;45.769228;;;;;;;46;46;;
69256-P-005;Vaulx en Velin - avenue Pablo Picasso;69256;6 Rue Angela Davis, 69120, Vaulx-en-Velin;https://www.lpa-and-co.fr/;abonnés;false;-1;;;;;;;;;200;96950545200017;4.9190352;45.7753961;;;;;;;58;58;;
69256-P-003;Vaulx en Velin - rue du Méboud;69256;6 Rue du Méboud, 69120, Vaulx-en-Velin;https://www.lpa-and-co.fr/;abonnés;false;-1;;;;;;;;;190;96950545200017;4.91634602;45.77757146;;;;;;;60;60;;
69256-P-002;Vaulx en Velin La Soie - rue Maurice Moissonnier;69256;10 Rue Maurice Moissonnier, 69120, Vaulx-en-Velin;https://www.lpa-and-co.fr/;abonnés;false;-1;;;;;;;;;200;96950545200017;4.9241546;45.7598316;;;;;;;73;73;;
69123-P-121;Molière - Préfecture;69123;78 Rue Molière, 69003, Lyon;https://www.lpa-and-co.fr/;abonnés;false;-1;;;;;;;;;190;96950545200017;4.8432405;45.76189714;;;;;;;130;130;;
69123-P-122;Part-Dieu - Deruelle;69123;30 Bd Eugène Deruelle, 69003, Lyon;https://www.lpa-and-co.fr/;abonnés;false;-1;;;;;;;;;190;96950545200017;4.8546956;45.7628772;;;;;;2;8;8;;
69266-P-020;Villeurbanne - Saint Exupéry;69266;54 Av. Antoine de Saint-Exupéry, 69100, Villeurbanne;https://www.lpa-and-co.fr/;abonnés;false;-1;;;;;;;;;210;96950545200017;4.8816372;45.7578502;;;;;;;43;43;;
69149-P-003;Oullins - rue Tupin;69149;18 Rue Tupin, 69600, Oullins;https://www.lpa-and-co.fr/;abonnés;false;-1;;;;;;;;;195;96950545200017;4.8039346;45.7140832;;;;;;;80;80;;
69259-P-011;Parilly;69259;;;;;292;292;;;;;;;;;30807763500024;4.886196854976546;45.720550083210746;;;;;;;;;;Ouvert de 4h30 à 1h00 du dimanche au jeudi, et de 4h30 à 3h00 les vendredis et samedis
69123-P-137;Part-Dieu - Britannia;69123;26 Bd Eugène Deruelle, 69003, Lyon;https://www.lpa-and-co.fr/;abonnés;false;-1;;;;;;;;;180;96950545200017;4.8544634;45.7628523;;;;;;;140;140;;
69123-P-138;Cours Lafayette;69123;32 Rue Robert, 69006, Lyon;https://www.lpa-and-co.fr/;abonnés;false;-1;;;;;;;;;190;96950545200017;4.84879961;45.76421404;;;;;;;135;135;;
69123-P-148;Lyon 9 - Rochecardon;69123;6 Pass. du Côteau, 69009, Lyon;https://www.lpa-and-co.fr/;abonnés;false;-1;;;;;;;;;200;96950545200017;4.8100121;45.7881449;;;;;;;75;75;;
69266-P-023;Villeurbanne - Salengro Courteline;69266;22 Rue Georges Courteline, 69100, Villeurbanne;https://www.lpa-and-co.fr/;abonnés;false;-1;;;;;;;;;190;96950545200017;4.877805;45.7784164;;;;;;;40;40;;
69266-P-024;Villeurbanne - Les Poulettes;69266;33 Rue Raspail, 69100, Villeurbanne;https://www.lpa-and-co.fr/;abonnés;false;-1;;;;;;;;;180;96950545200017;4.8826086;45.7735308;;;;;;;50;50;;
69123-P-149;Lyon 7 - 53 Route de vienne;69123;53 Rte de Vienne, 69007, Lyon;https://www.lpa-and-co.fr/;abonnés;false;-1;;;;;;;;;200;96950545200017;4.8511797;45.7417146;;;;;;;70;70;;
69029-P-002;Bron - Général de Gaulle;69029;231 Av. Général de Gaulle, 69500, Bron;https://www.lpa-and-co.fr/;abonnés;false;-1;;;;;;;;;200;96950545200017;4.9177479;45.7307818;;;;;;;30;30;;
69123-P-152;Croix-Rousse - Métro Hénon;69123;103 Rue Denfert-Rochereau, 69004, Lyon;https://www.lpa-and-co.fr/;abonnés;false;-1;;;;;;;;;190;96950545200017;4.8287682;45.7791413;;;;;;;130;130;;
69194-P-002;Saint-Didier-Au-Mont-D'or - Saint Fortuna;69194;74 Rue Victor Hugo, 69370, Saint-Didier-au-Mont-d'Or;https://www.lpa-and-co.fr/;abonnés;false;-1;;;;;;;;;190;;4.7967524;45.8236505;;;;;;;53;53;;
69149-P-005;LPA Arlès-Dufour;69149;27 Rue Narcisse Bertholey, 69600, Oullins;http://www.lpa.fr/se-garer-dans-un-parking/tous-les-parkings/arles-dufour/#informations;tous;false;200;;7;0;0;;0;8;;195;96950545200017;4.80804;45.71669;;1.6;3.2;4.800000000000001;6.4;;47;66;ouvrage;
69123-P-091;LPA Marché Gare - La Confluence;69123;77 rue Delandine, 69002, Lyon;http://www.lpa.fr/se-garer-dans-un-parking/tous-les-parkings/marche-gare-confluence/ ;tous;false;843;;17;20;39;;0;7;;230;96950545200017;4.823733;45.741054;;3;6;9;12;46.6;133;199;ouvrage;
69123-P-166;Lyon 8 - 279 Avenue Berthelot;69123;279 Av. Berthelot, 69008, Lyon;https://www.lpa-and-co.fr/;abonnés;false;-1;;;;;;;;;190;;4.8624352;45.7388736;;;;;;;65;65;;
69123-P-105;LPA Ney;69123;19 rue Ney, 69006, Lyon;http://www.lpa.fr/se-garer-dans-un-parking/tous-les-parkings/ney/#informations;abonnés;false;160;;0;0;0;;0;0;;190;96950545200017;4.855157;45.770039;;;;;;;172;172;ouvrage;
69123-P-108;LPA Parc minute Cité Internationale;69123;quai Charles de Gaulle, 69006, Lyon;;tous;false;15;;0;0;0;;0;0;;190;96950545200017;4.851647;45.784614;;;;;;612;;;enclos_en_surface;
69123-P-153;LPA Saint Antoine;69123;2 quai Saint-Antoine , 69002, Lyon;http://www.lpa.fr/se-garer-dans-un-parking/tous-les-parkings/st-antoine/#informations;tous;false;787;;11;21;200;;4;21;;205;;4.83194630928916;45.7643256376921;;3.4;6.8;10.2;13.6;52.8;133;232;enclos_en_surface;
69123-P-084;LPA Tables Claudiennes;69123;14 rue des Tables Claudiennes, 69001, Lyon;http://www.lpa.fr/se-garer-dans-un-parking/tous-les-parkings/tables-claudiennes/#informations;abonnés;false;90;;6;0;100;;0;12;;190;96950545200017;4.832605;45.770857;;;;;;;166;166;ouvrage;
69123-P-109;LPA Vendôme;69123;49 rue Vauban, 69006, Lyon;http://www.lpa.fr/se-garer-dans-un-parking/tous-les-parkings/vendome/#informations;abonnés;false;157;;5;0;0;;0;18;;190;96950545200017;4.84667;45.76525;;;;;;;179.5;179.5;ouvrage;
69123-P-161;Parc des Sports Gerland;69123;Rue Jean-Pierre Chevrot, 69007, Lyon;https://parking.lpa.fr/parkings/parking-parc-des-sports-gerland/;tous;false;270;;0;0;0;;0;0;;190;;4.829207;45.724848;;2;4;6;8;10;60;60;enclos_en_surface;
