id;nom;insee;adresse;url;type_usagers;gratuit;nb_places;nb_pr;nb_pmr;nb_voitures_electriques;nb_velo;nb_2r_el;nb_autopartage;nb_2_rm;nb_covoit;hauteur_max;num_siret;xlong;ylat;tarif_pmr;tarif_1h;tarif_2h;tarif_3h;tarif_4h;tarif_24h;abo_resident;abo_non_resident;type_ouvrage;info;id_entrees;adress_geo_entrees;arrdt;deleg;tel;horaire_na;asc_surf;date_ta;ab_1m_e;ab_1a_e;tarif_pr;pr_1a_mine;pr_1a_maxe;tarif_res;tf_res_1ae;date_th;tf_15mn_e;tf_30mn_e;tf_1h30_e;tf_7h_e;tf_8h_e;tf_9h_e;tf_10h_e;tf_11h_e;tf_12h_e;abpmr_1m_e;abpmr_1t_e;abpmr_1a_e;mis_a_jour;abve_1m_e;abve_1t_e;abve_1a_e;tmoto_1ehe;abmoto_1me;abmoto_1te;abmoto_1ae;tvelo_1m_e;point_x_entrees;point_y_entrees;zones_res;tf_15mn_mo;tf_30mn_mo;tf_24h_mot;tf_pr_moto;pr_1a_minm;pr_1a_maxm;tf_res_mo;tf_res_1am;parc_amod;ab_1a_patt;parc_relai;ab_1m_rela;tf_res_1me;pass_2rm;pass_2rm_1h;pass_2rm_1m;pass_2rm_3m;pass_2rm_1a;geo_shape;geo_point_2d
75112-P-017;PICPUS NATION;75112;65 m boulevard de picpus, 75012, Paris;https://fr.parkindigo.com/parking/paris-75012/picpus-nation-75120100;tous;0;894;0;16;0;0;0;10;0;0;190;66205324800065;2.39914441;48.84715454;;0.0;0.0;0.0;0.0;0.0;;;ouvrage;;17-E-A,17-E-B;65 M BOULEVARD DE PICPUS,77 M BOULEVARD DE PICPUS;12;SAEMES;0146286047;7j / 7;OUI;2025-05-29T02:00:00+00:00;;;NON;;;NON;;2025-05-29T02:00:00+00:00;0.0;0.0;0.0;0.0;0.0;0.0;0.0;0.0;0.0;;;;2025-09-01T02:00:00+00:00;;;;;;;;;655905.41 | 655976.688;6860957.772 | 6860888.716;11E,11F,11G,11H,11J,11K,11L,12E,12G,12H,12J,12M,12N,12P,12R,20E,20F;;;;NON;;;NON;;NON;;NON;;;OUI;0.8;70.0;199.0;770.0;"{""coordinates"": [2.399144408420854, 48.84715453724536], ""type"": ""Point""}";48.84715453724536, 2.399144408420854
75108-P-031;HAUSSMANN BERRI;75108;163 ter boulevard haussmann, 75008, Paris;https://www.saemes.fr/fr/parking/parking-haussmann-berri;tous;0;1649;0;20;48;57;0;0;48;0;190;31703299300741;2.30862835;48.87491094;tarif_special;4.8;9.6;14.4;19.2;43.2;216.0;270.0;ouvrage;tarif petit rouleur -40 % = contacter le parc,tarif PMR = 2,40 euros;31-E-A,31-E-B;163 TER BOULEVARD HAUSSMANN,164 TER BOULEVARD HAUSSMANN;8;SAEMES;0145639462;7j / 7;NON;2025-01-01T01:00:00+00:00;270.0;2700.0;OUI;1620.0;2160.0;NON;;2025-01-01T01:00:00+00:00;1.2;2.4;7.2;33.6;38.4;43.2;43.2;43.2;43.2;135.0;385.0;1350.0;2025-09-01T02:00:00+00:00;135.0;385.0;1350.0;1.65;94.0;269.0;940.0;12.0;649289.95 | 649366.283;6864098.393 | 6864125.512;8F,8G,8H,8J,17J,17K;0.45;0.85;14.85;OUI;562.0;750.0;NON;;NON;3380.0;NON;;;OUI;1.2;90.0;256.0;990.0;"{""coordinates"": [2.308628350961074, 48.87491093781832], ""type"": ""Point""}";48.87491093781832, 2.308628350961074
75107-P-063;SUFFREN;75107;8 ter place joffre, 75007, Paris;https://fr.parkindigo.com;abonnés;0;0;0;0;0;0;0;0;0;0;190;72205418600035;2.30187526;48.85199765;;;;;;;;;ouvrage;abonnes tres longue duree;63-M-A;8 TER PLACE JOFFRE;7;INDIGO;0145484330;POUR ABONNES;NON;1900-01-01T00:09:21+00:00;;;NON;;;NON;;1900-01-01T00:09:21+00:00;;;;;;;;;;;;;2025-09-01T02:00:00+00:00;;;;;;;;;648772.118;6861554.991;;;;;NON;;;NON;;OUI;;NON;;;NON;;;;;"{""coordinates"": [2.301875262082592, 48.851997645429044], ""type"": ""Point""}";48.851997645429044, 2.301875262082592
75117-P-123;WAGRAM COURCELLES;75117;103 ter rue jouffroy d abbans, 75017, Paris;https://fr.parkindigo.com/parking/paris-75017/wagram-courcelles-75170700;tous;0;205;0;5;0;0;0;0;0;0;190;72205418600035;2.30128819;48.88189715;;5.5;11.0;16.5;22.0;49.5;;359.0;ouvrage;;123-M-A;103 TER RUE JOUFFROY D ABBANS;17;INDIGO;0141720270;7j / 7;OUI;2025-04-01T02:00:00+00:00;359.0;3733.0;NON;;;NON;;2025-01-01T01:00:00+00:00;1.4;2.8;8.3;38.5;44.0;49.5;49.5;49.5;49.5;;;;2025-09-01T02:00:00+00:00;;;;;129.0;366.0;1341.0;;648758.459;6864879.949;;;;;NON;;;NON;;NON;4666.0;NON;;;OUI;0.8;70.0;199.0;770.0;"{""coordinates"": [2.3012881898046347, 48.88189715210569], ""type"": ""Point""}";48.88189715210569, 2.3012881898046347
75116-P-022;PORTE D AUTEUIL;75116;6 ter avenue du general sarrail, 75016, Paris;https://www.saemes.fr/fr/parking/parking-porte-dauteuil;tous;0;1116;0;23;250;37;20;6;250;0;185;31703299300741;2.25617101;48.8465712;tarif_special;4.6;9.2;13.8;18.4;41.4;135.0;169.0;ouvrage;tarif petit rouleur -40 % = contacter le parc,autre = 2 ter avenue du General Sarrail, 75016, Paris;22-E-A,22-E-B;6 TER AVENUE DU GENERAL SARRAIL,2 TER AVENUE DU GENERAL SARRAIL;16;SAEMES;0146519018;7j / 7;OUI;2025-01-01T01:00:00+00:00;169.0;1690.0;OUI;1012.0;1350.0;NON;;2025-01-01T01:00:00+00:00;1.15;2.3;6.9;32.2;36.8;41.4;41.4;41.4;41.4;84.0;239.0;840.0;2025-09-01T02:00:00+00:00;143.0;405.0;1430.0;1.6;59.0;168.0;590.0;11.0;645412.786 | 645427.735;6860982.25 | 6861036.013;16R,16S,16T,16U,16V,16W,16X,16Y,16Z,/+,riverains,rue,Ningesser,et,Coli;0.4;0.8;14.4;OUI;350.0;470.0;NON;;NON;2110.0;NON;;;OUI;0.8;70.0;199.0;770.0;"{""coordinates"": [2.2561710135174042, 48.846571201526544], ""type"": ""Point""}";48.846571201526544, 2.2561710135174042
75116-P-122;DELESSERT;75116;11 rue beethoven, 75016, Paris;https://www.saemes.fr/fr/parking/parking-delessert;abonnés;0;54;0;0;0;0;0;0;0;0;195;31703299300741;2.28700102;48.8586523;;;;;;;;370.0;ouvrage;abonnements avec reservation uniquement;122-E-A;11 RUE BEETHOVEN;16;SAEMES;0144829999;POUR ABONNES;NON;1900-01-01T00:09:21+00:00;;;NON;;;NON;;1900-01-01T00:09:21+00:00;;;;;;;;;;;;;2025-09-01T02:00:00+00:00;;;;;;;;;647687.368;6862304.677;;;;;NON;;;NON;;NON;3700.0;NON;;;NON;;;;;"{""coordinates"": [2.287001022148921, 48.85865229967877], ""type"": ""Point""}";48.85865229967877, 2.287001022148921
75102-P-048;BOURSE;75102;12 quater place de la bourse, 75002, Paris;https://www.sags-parking.fr/parking/62/paris-bourse-grands-boulevards;tous;0;639;0;3;3;20;0;2;0;0;190;38933781700065;2.34077428;48.86963785;tarif_special;5.0;10.0;15.0;20.0;45.0;153.8;389.0;ouvrage;tarif PMR = 2,50 euros;48-M-A;12 QUATER PLACE DE LA BOURSE;2;SAGS;0186222327;7j / 7;PREVU;2025-01-01T01:00:00+00:00;389.0;3890.0;NON;;;OUI;1538.0;2025-08-01T02:00:00+00:00;1.25;2.5;7.5;35.0;40.0;45.0;45.0;45.0;45.0;0.0;0.0;0.0;2025-09-01T02:00:00+00:00;325.6;927.8;3255.4;1.75;136.1;387.9;1361.0;10.0;651642.807;6863491.9;1E,2E,3E,9G,10F;0.45;0.9;15.75;NON;;;OUI;538.0;NON;4862.0;NON;;153.8;OUI;1.2;90.0;256.0;990.0;"{""coordinates"": [2.3407742821452326, 48.86963785246203], ""type"": ""Point""}";48.86963785246203, 2.3407742821452326
75106-P-121;SAINTS PERES;75106;47 ter rue jacob, 75006, Paris;https://fr.parkindigo.com/parking/paris-75006/saints-peres-75060300;abonnés;0;0;0;0;0;0;0;0;0;0;190;69200653900138;2.33236355;48.8560091;;;;;;;;386.0;ouvrage;abonnes tres longue duree;121-E-A;47 TER RUE JACOB;6;INDIGO;0145491855;POUR ABONNES;NON;1900-01-01T00:09:21+00:00;;;NON;;;NON;;1900-01-01T00:09:21+00:00;;;;;;;;;;;;;2025-09-01T02:00:00+00:00;;;;;;;;;651013.043;6861981.68;;;;;NON;;;NON;;OUI;4014.0;NON;;;NON;;;;;"{""coordinates"": [2.332363548769055, 48.85600910000859], ""type"": ""Point""}";48.85600910000859, 2.332363548769055
75116-P-043;PORTE DE SAINT CLOUD;75116;10 avenue de la porte de saint cloud, 75016, Paris;https://fr.parkindigo.com/parking/paris-75016/porte-de-saint-cloud-75161400;tous;0;1206;100;28;3;12;0;0;3;0;190;39418789200440;2.25373418;48.8387931;tarif_special;4.6;9.2;13.8;18.4;41.4;161.0;202.0;ouvrage;tarif petit rouleur -40 % = contacter le parc,tarif PMR = 2,30 euros;43-E-A;10 AVENUE DE LA PORTE DE SAINT CLOUD;16;INDIGO;0146512868;7j / 7;OUI;2025-04-01T02:00:00+00:00;202.0;2100.0;OUI;1260.0;1680.0;NON;;2024-01-01T01:00:00+00:00;1.15;2.3;6.9;32.2;36.8;41.4;41.4;41.4;41.4;101.0;285.0;1050.0;2025-09-01T02:00:00+00:00;101.0;285.0;1050.0;1.6;70.0;198.0;735.0;10.0;645225.786;6860119.101;15M,15N,16P,16R,16S,16T,16U,16V,16W,16X,16Y,16Z;0.4;0.8;14.4;OUI;441.0;588.0;NON;;NON;2625.0;OUI;75.0;;OUI;0.8;70.0;199.0;770.0;"{""coordinates"": [2.2537341768396497, 48.83879310277174], ""type"": ""Point""}";48.83879310277174, 2.2537341768396497
75112-P-127;LYON DIDEROT;75112;196 rue de  bercy, 75012, Paris;https://www.effia.com/parking/parking-paris-gare-de-lyon-diderot-effia;tous;0;305;0;6;5;0;0;0;5;0;190;31703299300741;2.37216992;48.84468165;;5.2;10.1;15.0;19.8;40.2;;300.68;ouvrage;;127-E-A;196 RUE DE  BERCY;12;SAEMES;0153176308;7j / 7;OUI;2025-01-01T01:00:00+00:00;;;NON;;;NON;;2025-01-01T01:00:00+00:00;1.4;2.8;7.7;32.5;36.5;40.2;40.2;40.2;40.2;;;;2025-09-01T02:00:00+00:00;;;;2.6;115.5;;;;653923.706;6860698.212;;0.7;1.4;20.1;NON;;;NON;;NON;;NON;;;NON;;;;;"{""coordinates"": [2.3721699240728196, 48.84468165061534], ""type"": ""Point""}";48.84468165061534, 2.3721699240728196
75111-P-080;ROQUETTE;75111;16 bis rue servan, 75011, Paris;https://www.saemes.fr/fr/parking/parking-roquette;abonnés;0;266;0;0;0;0;0;0;0;0;190;31703299300741;2.38370585;48.85986034;tarif_special;;;;;;;126.0;ouvrage;abonnements avec reservation uniquement;80-E-A;16 BIS RUE SERVAN;11;SAEMES;0144829999;POUR ABONNES;NON;1900-01-01T00:09:21+00:00;;;NON;;;NON;;1900-01-01T00:09:21+00:00;;;;;;;;;;63.0;;;2025-09-01T02:00:00+00:00;;;;;51.0;134.0;510.0;;654783.48;6862379.279;;;;;NON;;;NON;;NON;1260.0;NON;;;NON;;;;;"{""coordinates"": [2.3837058461624006, 48.859860340186756], ""type"": ""Point""}";48.859860340186756, 2.3837058461624006
75108-P-024;CONCORDE;75108;14 place de la concorde, 75008, Paris;https://fr.parkindigo.com/parking/paris-75008/place-de-la-concorde-75082100;tous;0;821;0;13;0;0;0;0;0;0;190;72204380902362;2.32000365;48.86617169;tarif_special;5.3;10.6;15.9;21.2;47.7;212.0;265.0;ouvrage;tarif petit rouleur -40 % = contacter le parc,tarif PMR = 2,65 euros;24-E-A;14 PLACE DE LA CONCORDE;8;INDIGO;0141720261;7j / 7;PREVU;2025-05-01T02:00:00+00:00;265.0;2756.0;OUI;1653.6;2204.8;NON;;2025-02-01T01:00:00+00:00;1.35;2.7;8.0;37.1;42.4;47.7;47.7;47.7;47.7;132.0;378.0;1378.0;2025-09-01T02:00:00+00:00;132.0;378.0;1378.0;1.85;92.0;264.0;964.0;10.0;650115.905;6863119.411;1E,2E,7G,7L,8E,8H,9G;0.5;0.95;16.65;NON;;;NON;;NON;3445.0;NON;;;OUI;1.2;90.0;256.0;990.0;"{""coordinates"": [2.32000364957849, 48.866171691348356], ""type"": ""Point""}";48.866171691348356, 2.32000364957849
75112-P-103;FAUBOURG SAINT ANTOINE;75112;83 ter avenue ledru rollin, 75012, Paris;https://fr.parkindigo.com/parking/paris-75012/faubourg-saint-antoine-75120200;tous;0;251;0;6;17;48;0;0;17;0;190;67203552400087;2.37556129;48.85084205;;5.3;10.6;15.9;21.2;47.7;;273.0;ouvrage;;103-E-A;83 TER AVENUE LEDRU ROLLIN;12;INDIGO;0144755243;7j / 7;OUI;2025-04-01T02:00:00+00:00;273.0;2839.0;NON;;;NON;;2025-01-01T01:00:00+00:00;1.35;2.7;8.0;37.1;42.4;47.7;47.7;47.7;47.7;;;;2025-09-01T02:00:00+00:00;;;;;149.0;423.0;1549.0;10.0;654178.009;6861381.217;;;;;NON;;;NON;;NON;3548.0;NON;;;OUI;1.2;90.0;256.0;990.0;"{""coordinates"": [2.375561286479554, 48.850842047814744], ""type"": ""Point""}";48.850842047814744, 2.375561286479554
75108-P-107;CHAMPS ELYSEES;75108;64 avenue des champs elysees, 75008, Paris;https://www.saemes.fr/fr/parking/parking-champs-elysees;tous;0;647;0;11;10;0;0;0;10;0;190;72205418600035;2.305418;48.870672;tarif_special;0.0;0.0;0.0;0.0;0.0;209.0;299.0;ouvrage;;107-E-A,107-E-B;64 AVENUE DES CHAMPS ELYSEES,113 AVENUE CHAMPS ELYSEES;8;SAEMES;0141720261;7j / 7;OUI;2025-04-01T02:00:00+00:00;299.0;3109.0;NON;;;OUI;2176.0;2025-08-02T02:00:00+00:00;0.0;0.0;0.0;0.0;0.0;0.0;0.0;0.0;0.0;0.0;0.0;0.0;2025-09-01T02:00:00+00:00;209.0;594.0;2176.0;;105.0;297.0;1096.0;10.0;649050.34 | 648613.909;6863629.122 | 6863799.249;8E,8F,8G,8H,8J,16E,16F,16G,16H,16I,16J,17E;;;;NON;;;NON;;NON;3886.0;NON;;209.0;OUI;1.2;90.0;256.0;990.0;"{""coordinates"": [2.3054179969406805, 48.87067199923715], ""type"": ""Point""}";48.87067199923715, 2.3054179969406805
75107-P-058;JOFFRE;75107;2 ter place joffre, 75007, Paris;https://fr.parkindigo.com/parking/paris-75007/joffre-ecole-militaire-75070200;tous;0;692;0;10;0;6;0;0;0;0;190;72205418600035;2.30520683;48.85422717;tarif_special;5.3;10.6;15.9;21.2;47.7;;224.0;ouvrage;tarif PMR = 2,65 euros;58-E-A,58-E-B,58-E-C,58-E-E,58-M-D;2 TER PLACE JOFFRE,6 TER PLACE JOFFRE,14 AVENUE FREDERIC LE PLAY,77 AVENUE DE SUFFREN,13 AVENUE EMILE ACOLLAS;7;INDIGO;0145484330;7j / 7;ACCESSIBLE DE PLAIN PIED;2025-04-01T02:00:00+00:00;224.0;2329.0;NON;;;NON;;2025-01-01T01:00:00+00:00;1.35;2.7;8.0;37.1;42.4;47.7;47.7;47.7;47.7;112.0;318.0;1164.0;2025-09-01T02:00:00+00:00;112.0;318.0;1164.0;1.85;78.0;222.0;811.0;10.0;649018.761 | 648969.76 | 648961.935 | 648682.206 | 648718.454;6861800.736 | 6861752.635 | 6861775.441 | 6861495.855 | 6861544.142;;0.5;0.95;16.65;NON;;;NON;;NON;3671.0;NON;;;OUI;1.2;90.0;256.0;990.0;"{""coordinates"": [2.3052068295024473, 48.85422716639152], ""type"": ""Point""}";48.85422716639152, 2.3052068295024473
75106-P-055;SAINT GERMAIN DES PRES;75106;169 ter boulevard saint germain, 75006, Paris;https://fr.parkindigo.com/parking/paris-75006/saint-germain-des-pres-75060800;tous;0;342;0;17;6;0;0;1;6;0;190;69200653900138;2.33113402;48.85420443;;5.7;11.4;17.1;22.8;51.3;;359.0;ouvrage;;55-E-A;169 TER BOULEVARD SAINT GERMAIN;6;INDIGO;0145491855;7j / 7;OUI;2025-04-01T02:00:00+00:00;359.0;3733.0;NON;;;NON;;2025-01-01T01:00:00+00:00;1.45;2.9;8.6;39.9;45.6;51.3;51.3;51.3;51.3;;;;2025-09-01T02:00:00+00:00;;;;;154.0;438.0;1605.0;;650921.13;6861781.78;;;;;NON;;;NON;;NON;;NON;;;OUI;1.2;90.0;256.0;990.0;"{""coordinates"": [2.3311340161454095, 48.854204424188836], ""type"": ""Point""}";48.854204424188836, 2.3311340161454095
75115-P-165;VELOSTATION GARE MONTPARNASSE;75115;22 m rue de l arrivee, 75015, Paris;https://fr.parkindigo.com/parking/paris-75015/velostation-gare-montparnasse-75150800;abonnés;0;0;0;0;0;394;22;0;0;0;230;30464607800481;2.32100915;48.84267019;;;;;;;;;ouvrage;uniquement velos et velos avec assistance electrique;165-M-A;22 M RUE DE L ARRIVEE;15;INDIGO;0145484330;POUR ABONNES;ACCESSIBLE DE PLAIN PIED;1900-01-01T00:09:21+00:00;;;NON;;;NON;;1900-01-01T00:09:21+00:00;;;;;;;;;;;;;2025-09-01T02:00:00+00:00;;;;;;;;10.0;650167.195;6860505.628;;;;;NON;;;NON;;NON;;NON;;;NON;;;;;"{""coordinates"": [2.3210091462608244, 48.842670188104584], ""type"": ""Point""}";48.842670188104584, 2.3210091462608244
75108-P-015;HOCHE;75108;14 quater avenue hoche, 75008, Paris;https://fr.parkindigo.com/parking/paris-75008/hoche-75080500;tous;0;431;0;11;19;0;0;0;19;0;190;65200836800100;2.30215928;48.87684389;;5.5;11.0;16.5;22.0;49.5;;342.0;ouvrage;;15-E-A,15-E-B;14 QUATER AVENUE HOCHE,29 TER AVENUE HOCHE;8;INDIGO;0141720270;7j / 7;OUI;2025-04-01T02:00:00+00:00;342.0;3556.0;NON;;;NON;;2025-01-01T01:00:00+00:00;1.4;2.8;8.3;38.5;44.0;49.5;49.5;49.5;49.5;;;;2025-09-01T02:00:00+00:00;;;;;;;;;648817.375 | 648754.934;6864317.497 | 6864254.791;;;;;NON;;;NON;;NON;3911.0;NON;;;OUI;1.2;90.0;256.0;990.0;"{""coordinates"": [2.3021592835248064, 48.87684389094859], ""type"": ""Point""}";48.87684389094859, 2.3021592835248064
75101-P-046;LOUVRE SAMARITAINE;75101;7 place du louvre, 75001, Paris;https://fr.parkindigo.com/parking/paris-75001/louvre-samaritaine-75011200;tous;0;553;0;13;6;118;0;0;6;0;190;50472714000056;2.34052914;48.85948368;tarif_special;5.4;10.8;16.2;21.6;48.6;253.0;317.0;ouvrage;tarif petit rouleur -62 % = contacter le parc,tarif PMR = 2,70 euros;46-E-A;7 PLACE DU LOUVRE;1;INDIGO;0141720261;7j / 7;OUI;2025-04-01T02:00:00+00:00;317.0;3296.0;OUI;1265.28;2636.0;NON;;2025-01-01T01:00:00+00:00;1.35;2.7;8.1;37.8;43.2;48.6;48.6;48.6;48.6;158.0;450.0;1648.0;2025-09-01T02:00:00+00:00;158.0;450.0;1648.0;1.85;110.0;315.0;1153.0;10.0;651615.395;6862362.988;1E;0.5;0.95;16.65;OUI;443.52;924.0;NON;;NON;4120.0;NON;;;OUI;1.2;90.0;256.0;990.0;"{""coordinates"": [2.340529135596298, 48.85948367925792], ""type"": ""Point""}";48.85948367925792, 2.340529135596298
75108-P-159;ROND POINT (GARAGE);75108;2 m rond point des champs elysees marcel dassault, 75008, Paris;https://fr.parkindigo.com/acheteruneplace/parking/paris-75008/rond-point-des-champs-elysees-75080400;abonnés;0;301;0;0;0;23;3;0;0;0;190;64202088700419;2.31104798;48.86932421;tarif_special;;;;;;165.0;311.0;ouvrage;;159-E-A;2 M ROND POINT DES CHAMPS ELYSEES MARCEL DASSAULT;8;INDIGO;0141720261;POUR ABONNES;OUI;1900-01-01T00:09:21+00:00;311.0;3110.0;NON;;;OUI;1650.0;1900-01-01T00:09:21+00:00;;;;;;;;;;0.0;0.0;0.0;2025-09-01T02:00:00+00:00;155.0;441.0;1555.0;;108.0;309.0;1088.0;10.0;649461.998;6863475.64;8E,8F,8G,8H,8J;;;;NON;;;OUI;570.0;NON;3732.0;NON;;165.0;NON;;;;;"{""coordinates"": [2.3110479812439455, 48.86932420562668], ""type"": ""Point""}";48.86932420562668, 2.3110479812439455
75105-P-085;POLIVEAU;75105;39 bis rue poliveau, 75005, Paris;https://www.saemes.fr/fr/parking/parking-poliveau;abonnés;0;47;0;0;0;0;0;1;0;0;190;31703299300741;2.35755955;48.83985185;;;;;;;;190.0;ouvrage;abonnements avec reservation uniquement;85-E-A;39 BIS RUE POLIVEAU;5;SAEMES;0144829999;POUR ABONNES;NON;1900-01-01T00:09:21+00:00;;;NON;;;NON;;1900-01-01T00:09:21+00:00;;;;;;;;;;;;;2025-09-01T02:00:00+00:00;;;;;;209.0;;;652847.108;6860169.811;;;;;NON;;;NON;;NON;1900.0;NON;;;NON;;;;;"{""coordinates"": [2.357559545900926, 48.8398518445111], ""type"": ""Point""}";48.8398518445111, 2.357559545900926
75106-P-086;MARCHE SAINT GERMAIN;75106;2 ter rue lobineau, 75006, Paris;https://www.saemes.fr/fr/parking/parking-marche-saint-germain;abonnés;0;76;0;0;0;0;0;0;0;0;190;31703299300741;2.3366929;48.85179163;;;;;;;;295.0;ouvrage;abonnements avec reservation uniquement;86-E-A;2 TER RUE LOBINEAU;6;SAEMES;0144829999;POUR ABONNES;NON;1900-01-01T00:09:21+00:00;;;NON;;;NON;;1900-01-01T00:09:21+00:00;;;;;;;;;;;;;2025-09-01T02:00:00+00:00;;;;;103.0;284.0;1030.0;;651326.757;6861510.059;;;;;NON;;;NON;;NON;2950.0;NON;;;NON;;;;;"{""coordinates"": [2.3366929044931606, 48.851791630891825], ""type"": ""Point""}";48.851791630891825, 2.3366929044931606
75107-P-042;BAC MONTALEMBERT;75107;39 rue du bac, 75007, Paris;https://www.saemes.fr/fr/parking/parking-bac-montalembert;tous;0;410;0;9;3;9;0;0;3;0;190;31703299300741;2.32697691;48.85659157;tarif_special;5.0;10.0;15.0;20.0;45.0;209.0;398.0;ouvrage;tarif PMR = 2,50 euros;42-E-A;39 RUE DU BAC;7;SAEMES;0142221566;7j / 7;OUI;2025-01-01T01:00:00+00:00;398.0;3980.0;NON;;;OUI;2090.0;2025-01-01T01:00:00+00:00;1.25;2.5;7.5;35.0;40.0;45.0;45.0;45.0;45.0;0.0;0.0;0.0;2025-09-01T02:00:00+00:00;278.0;779.0;2780.0;1.75;139.0;389.0;1390.0;10.0;650618.367;6862049.801;1E,6E,7G,7J,7L,7M,8E;0.45;0.9;15.75;NON;;;OUI;730.0;NON;4970.0;NON;;209.0;NON;;;;;"{""coordinates"": [2.3269769107335487, 48.85659157317527], ""type"": ""Point""}";48.85659157317527, 2.3269769107335487
75117-P-036;TERNES;75117;4 ter avenue des ternes, 75017, Paris;https://fr.parkindigo.com/parking/paris-75017/ternes-75172100;tous;0;1068;0;23;57;72;0;0;57;0;185;50472721500049;2.29685646;48.87815862;;5.0;10.0;15.0;20.0;45.0;;;ouvrage;tarif PMR = 2,50 euros;36-E-A,36-E-B,36-E-C;4 TER AVENUE DES TERNES,38 TER AVENUE DES TERNES,59 TER AVENUE DES TERNES;17;SAEMES;0141720270;7j / 7;OUI;2025-05-01T02:00:00+00:00;;;NON;;;NON;;2025-05-01T02:00:00+00:00;1.25;2.5;7.5;35.0;40.0;45.0;45.0;45.0;45.0;;;;2025-09-01T02:00:00+00:00;;;;1.75;;;;;648429.755 | 648169.669 | 648052.591;6864467.135 | 6864558.945 | 6864576.672;8G,17E,17F,17G,17H,17J,17L;0.45;0.9;15.75;NON;;;NON;;NON;;NON;;;OUI;0.8;70.0;199.0;770.0;"{""coordinates"": [2.296856456300573, 48.87815861482396], ""type"": ""Point""}";48.87815861482396, 2.296856456300573
75106-P-135;SAINT PLACIDE;75106;33 ter rue saint placide, 75006, Paris;https://www.q-park.fr/fr-fr/villes/paris/saint-placide-sèvres-rue-de-rennes/;abonnés;0;0;0;0;0;0;0;0;0;0;190;37888823401562;2.32569223;48.84861163;;;;;;;;340.0;ouvrage;abonnes tres longue duree;135-E-A;33 TER RUE SAINT PLACIDE;6;Q PARK;0140701010;POUR ABONNES;OUI;1900-01-01T00:09:21+00:00;;;NON;;;NON;;1900-01-01T00:09:21+00:00;;;;;;;;;;;;;2025-09-01T02:00:00+00:00;;;;;;;;;650516.531;6861163.311;;;;;NON;;;NON;;OUI;4080.0;NON;;;OUI;;90.0;256.0;990.0;"{""coordinates"": [2.3256922264375577, 48.8486116314371], ""type"": ""Point""}";48.8486116314371, 2.3256922264375577
75107-P-060;INVALIDES;75107;24 rue de constantine, 75007, Paris;https://fr.parkindigo.com/parking/paris-75007/invalides-75070100;tous;0;494;0;3;0;10;0;0;0;0;190;72205418600035;2.31465998;48.85928758;tarif_special;5.3;10.6;15.9;21.2;47.7;207.0;296.0;ouvrage;tarif PMR = 2,65 euros;60-E-A;24 RUE DE CONSTANTINE;7;INDIGO;0147053647;7j / 7;PREVU;2025-04-01T02:00:00+00:00;296.0;3078.0;NON;;;OUI;2154.0;2025-01-01T01:00:00+00:00;1.35;2.7;8.0;37.1;42.4;47.7;47.7;47.7;47.7;148.0;420.0;1539.0;2025-09-01T02:00:00+00:00;148.0;420.0;1539.0;1.85;103.0;294.0;1077.0;10.0;649717.263;6862357.346;1E,7E,7F,7G,7H,7J,7K,7L,7M,7N,8E,16H;0.5;0.95;16.65;NON;;;OUI;738.0;NON;4186.0;NON;;207.0;OUI;1.2;90.0;256.0;990.0;"{""coordinates"": [2.3146599819354683, 48.859287581418464], ""type"": ""Point""}";48.859287581418464, 2.3146599819354683
75105-P-084;MAUBERT COLLEGE DES BERNARDINS;75105;39 ter boulevard saint germain, 75005, Paris;https://www.saemes.fr/fr/parking/parking-maubert-college-des-bernardins;tous;0;447;0;12;10;12;0;0;10;0;185;31703299300741;2.35091141;48.84949201;tarif_special;4.9;9.8;14.7;19.6;44.1;;250.0;ouvrage;tarif PMR = 2,45 euros;84-E-A;39 TER BOULEVARD SAINT GERMAIN;5;SAEMES;0143269701;7j / 7;OUI;2025-01-01T01:00:00+00:00;250.0;2500.0;NON;;;NON;;2025-01-01T01:00:00+00:00;1.25;2.5;7.4;34.3;39.2;44.1;44.1;44.1;44.1;125.0;350.0;1250.0;2025-09-01T02:00:00+00:00;125.0;350.0;1250.0;1.7;87.0;245.0;870.0;18.0;652367.98;6861245.692;;0.45;0.9;15.3;NON;;;NON;;NON;3125.0;NON;;;NON;;;;;"{""coordinates"": [2.3509114061547716, 48.84949200871469], ""type"": ""Point""}";48.84949200871469, 2.3509114061547716
75106-P-160;SAINT GERMAIN (GARAGE);75106;169 ter boulevard saint germain, 75006, Paris;https://fr.parkindigo.com/parking/paris-75000/garage-saint-germain-des-pres-75061300;abonnés;0;246;0;0;0;0;0;0;0;0;190;69200653900138;2.33113826;48.85421111;tarif_special;;;;;;204.0;389.0;ouvrage;;160-E-A;169 TER BOULEVARD SAINT GERMAIN;6;INDIGO;0145491855;POUR ABONNES;OUI;1900-01-01T00:09:21+00:00;389.0;4201.0;NON;;;OUI;2244.0;1900-01-01T00:09:21+00:00;;;;;;;;;;194.0;552.0;2042.0;2025-09-01T02:00:00+00:00;272.0;774.0;2858.0;;136.0;387.0;1429.0;10.0;650921.448;6861782.521;1E,4E,5E,5F,5J,6E,6F,6G,7L,7M,7N;;;;NON;;;OUI;792.0;NON;4660.0;NON;;204.0;OUI;;90.0;256.0;990.0;"{""coordinates"": [2.3311382642263347, 48.85421111215649], ""type"": ""Point""}";48.85421111215649, 2.3311382642263347
75104-P-116;RIVOLI SEBASTOPOL;75104;5 ter rue pernelle, 75004, Paris;https://www.saemes.fr/fr/parking/parking-rivoli-sebastopol;tous;0;169;0;4;2;0;0;0;2;0;185;31703299300741;2.34944833;48.85856491;;5.2;10.4;15.6;20.8;46.8;196.0;281.0;ouvrage;;116-E-A;5 TER RUE PERNELLE;4;SAEMES;0142722993;7j / 7;NON;2025-01-01T01:00:00+00:00;281.0;2810.0;NON;;;OUI;1960.0;2025-01-01T01:00:00+00:00;1.3;2.6;7.8;36.4;41.6;46.8;46.8;46.8;46.8;;;;2025-09-01T02:00:00+00:00;140.0;358.0;1400.0;1.8;112.0;287.0;1120.0;;652268.929;6862255.4;1E,2E,3E,4E,34F,5G,5J;0.45;0.9;16.2;NON;;;OUI;840.0;NON;3510.0;NON;;196.0;NON;;;;;"{""coordinates"": [2.349448326542347, 48.858564906696955], ""type"": ""Point""}";48.858564906696955, 2.349448326542347
75112-P-101;MEDITERRANEE;75112;40 rue de chalon, 75012, Paris;https://www.saemes.fr/fr/parking/parking-mediterranee-gare-de-lyon;tous;0;1408;0;15;101;26;6;0;101;0;190;31703299300741;2.37574679;48.84497657;tarif_special;5.4;10.8;16.2;21.6;43.2;;327.0;ouvrage;tarif PMR = 2,70 euros;101-E-A,101-E-B;40 RUE DE CHALON,24 RUE DE CHALON;12;SAEMES;0143074858;7j / 7;OUI;2025-01-01T01:00:00+00:00;327.0;3270.0;NON;;;NON;;2025-01-01T01:00:00+00:00;1.35;2.7;8.1;37.8;43.2;43.2;43.2;43.2;43.2;0.0;0.0;0.0;2025-09-01T02:00:00+00:00;245.0;698.0;2452.0;1.85;114.0;325.0;1140.0;10.0;654186.465 | 654287.536;6860728.923 | 6860669.788;;0.5;0.95;14.8;NON;;;OUI;1030.0;NON;4080.0;NON;;;OUI;0.8;70.0;199.0;770.0;"{""coordinates"": [2.375746789018631, 48.84497657034854], ""type"": ""Point""}";48.84497657034854, 2.375746789018631
75108-P-110;ALMA GEORGE V;75108;6 ter avenue george v, 75008, Paris;https://fr.parkindigo.com/parking/paris-75008/alma-george-v-75080700;tous;0;232;0;7;20;80;0;0;43;0;190;72205418600035;2.30157196;48.86532864;;5.7;11.4;17.1;22.8;51.3;248.0;355.0;ouvrage;;110-E-A,110-E-B;6 TER AVENUE GEORGE V,17 TER AVENUE GEORGE V;8;INDIGO;0141720261;7j / 7;OUI;2025-04-01T02:00:00+00:00;355.0;3692.0;NON;;;OUI;2584.0;2025-01-01T01:00:00+00:00;1.45;2.9;8.6;39.9;45.6;51.3;51.3;51.3;51.3;;;;2025-09-01T02:00:00+00:00;177.0;504.0;1846.0;;124.0;354.0;1292.0;10.0;648762.974 | 648733.473;6863037.473 | 6863212.76;7E,7G,8E,8F,8H,16G,16H,16I,16K;;;;NON;;;NON;;NON;4615.0;NON;;248.0;OUI;1.2;90.0;256.0;990.0;"{""coordinates"": [2.3015719634876675, 48.865328642631724], ""type"": ""Point""}";48.865328642631724, 2.3015719634876675
75116-P-053;PLACE VICTOR HUGO;75116;76 ter avenue victor hugo, 75016, Paris;https://fr.parkindigo.com/parking/paris-75016/place-victor-hugo-75160400;tous;0;276;0;6;6;5;0;0;6;0;190;72205418600035;2.28454072;48.86938969;tarif_special;5.2;10.4;15.6;20.8;46.8;;360.0;ouvrage;tarif PMR = 2,60 euros;53-E-A;76 TER AVENUE VICTOR HUGO;16;INDIGO;0141720270;7j / 7;OUI;2025-04-01T02:00:00+00:00;360.0;3744.0;NON;;;NON;;2025-01-01T01:00:00+00:00;1.3;2.6;7.8;36.4;41.6;46.8;46.8;46.8;46.8;180.0;513.0;1872.0;2025-09-01T02:00:00+00:00;180.0;513.0;1872.0;1.8;126.0;357.0;1310.0;10.0;647517.679;6863500.213;;0.45;0.9;16.2;NON;;;NON;;NON;;NON;;;OUI;1.2;90.0;256.0;990.0;"{""coordinates"": [2.2845407217105884, 48.86938968994926], ""type"": ""Point""}";48.86938968994926, 2.2845407217105884
75105-P-077;LAGRANGE MAUBERT;75105;19 ter rue lagrange, 75005, Paris;https://www.saemes.fr/fr/parking/parking-lagrange-maubert;tous;0;324;0;8;12;26;3;6;12;0;185;31703299300741;2.34863908;48.8505418;tarif_special;4.8;9.6;14.4;19.2;43.2;219.0;283.0;ouvrage;tarif petit rouleur -46 % = contacter le parc;77-E-A;19 TER RUE LAGRANGE;5;SAEMES;0143258447;7j / 7;OUI;2025-01-01T01:00:00+00:00;283.0;2830.0;OUI;1530.0;2190.0;NON;;2025-01-01T01:00:00+00:00;1.2;2.4;7.2;33.6;38.4;43.2;43.2;43.2;43.2;141.0;396.0;1410.0;2025-09-01T02:00:00+00:00;141.0;396.0;1410.0;1.65;99.0;277.0;990.0;12.0;652202.197;6861363.792;1E,4E,5E,5F,5G,5H,5J,6E,6G;0.45;0.85;14.85;OUI;530.0;760.0;NON;;NON;3530.0;NON;;;NON;;;;;"{""coordinates"": [2.348639083602647, 48.8505417998992], ""type"": ""Point""}";48.8505417998992, 2.348639083602647
75115-P-049;PORTE DE VERSAILLES;75115;40 ter boulevard victor, 75015, Paris;https://www.saemes.fr/fr/parking/parking-porte-de-versailles;tous;0;472;0;10;4;10;0;0;4;0;190;38933781700065;2.28540134;48.83364524;tarif_special;5.0;10.0;15.0;20.0;55.0;180.0;250.0;ouvrage;tarif petit rouleur -44 % = contacter le parc,tarif PMR = 2,50 euros;49-E-A;40 TER BOULEVARD VICTOR;15;SAEMES;0187896258;7j / 7;OUI;2024-11-10T01:00:00+00:00;250.0;2500.0;NON;;;OUI;1800.0;2024-11-10T01:00:00+00:00;1.25;2.5;7.5;35.0;40.0;45.0;50.0;55.0;55.0;0.0;0.0;0.0;2025-09-01T02:00:00+00:00;185.5;525.0;1875.0;1.75;87.0;245.0;875.0;10.0;647544.839;6859525.217;15M,15T,15V,15X;0.4;0.85;19.25;NON;;;OUI;630.0;NON;3130.0;NON;;180.0;NON;;;;;"{""coordinates"": [2.2854013432484974, 48.83364523458729], ""type"": ""Point""}";48.83364523458729, 2.2854013432484974
75116-P-016;PASSY;75116;82 ter rue de passy, 75016, Paris;https://fr.parkindigo.com/parking/paris-75016/passy-75161100;tous;0;344;0;9;18;20;0;0;18;0;190;72204380902362;2.2753247;48.85819322;tarif_special;5.2;10.4;15.6;20.8;46.8;340.0;425.0;ouvrage;tarif petit rouleur -40 % = contacter le parc,tarif PMR = 2,60 euros;16-E-A;82 TER RUE DE PASSY;16;INDIGO;0141720270;7j / 7;OUI;2025-04-01T02:00:00+00:00;425.0;4420.0;OUI;2652.0;3536.0;NON;;2025-01-01T01:00:00+00:00;1.3;2.6;7.8;36.4;41.6;46.8;46.8;46.8;46.8;212.0;603.0;2210.0;2025-09-01T02:00:00+00:00;212.0;603.0;2210.0;1.8;148.0;423.0;1547.0;10.0;646830.233;6862261.43;16K,16L,16M,16N,16P,16R,16S,16T,16U;0.45;0.9;16.2;OUI;927.75;1237.0;NON;;NON;5967.0;NON;;;OUI;0.8;70.0;199.0;770.0;"{""coordinates"": [2.275324695859349, 48.858193214612626], ""type"": ""Point""}";48.858193214612626, 2.275324695859349
75112-P-047;REUILLY DIDEROT;75112;30 ter rue de reuilly, 75012, Paris;https://www.saemes.fr/fr/parking/parking-reuilly-diderot;tous;0;135;0;3;2;15;0;1;2;0;185;31703299300741;2.38725815;48.84654591;;4.6;9.2;13.8;18.4;41.4;164.0;206.0;ouvrage;hauteur 350 cm niveau -1 seulement autres niveaux 185;47-E-A;30 TER RUE DE REUILLY;12;SAEMES;0143458121;7j / 7;OUI;2025-01-01T01:00:00+00:00;206.0;2060.0;NON;;;OUI;1640.0;2025-01-01T01:00:00+00:00;1.15;2.3;6.9;32.2;36.8;41.4;41.4;41.4;41.4;;;;2025-09-01T02:00:00+00:00;103.0;288.0;1030.0;1.6;77.0;218.0;803.0;18.0;655032.613;6860896.802;12E,12G,12H,12J,12M,12N,12P,12R,11K,11L;0.4;0.8;14.4;NON;;;OUI;620.0;NON;2570.0;NON;;164.0;NON;;;;;"{""coordinates"": [2.3872581466986835, 48.846545914051106], ""type"": ""Point""}";48.846545914051106, 2.3872581466986835
75104-P-007;HOTEL DE VILLE;75104;6 ter quai de gesvres, 75004, Paris;https://www.saemes.fr/fr/parking/parking-hotel-de-ville;tous;0;457;0;10;10;48;5;0;10;0;180;31703299300741;2.349561;48.85658712;tarif_special;4.6;9.2;13.8;18.4;41.4;232.0;290.0;ouvrage;tarif petit rouleur -40 % = contacter le parc,tarif PMR = 2,30 euros;7-M-A;6 TER QUAI DE GESVRES;4;SAEMES;0142715196;7j / 7;OUI;2025-01-01T01:00:00+00:00;290.0;2900.0;OUI;1740.0;2320.0;NON;;2024-01-01T01:00:00+00:00;1.15;2.3;6.9;32.2;36.8;41.4;41.4;41.4;41.4;145.0;413.0;1450.0;2025-09-01T02:00:00+00:00;145.0;413.0;1450.0;1.6;101.0;289.0;1010.0;18.0;652275.384;6862035.419;1E,2E,3E,4E,34F,5G,5J,6E,11G;0.4;0.8;14.4;NON;;;OUI;700.0;NON;3770.0;NON;;;OUI;1.2;90.0;256.0;990.0;"{""coordinates"": [2.3495609979908463, 48.85658711867232], ""type"": ""Point""}";48.85658711867232, 2.3495609979908463
75117-P-064;PORTE MAILLOT;75117;16 place de la porte maillot, 75017, Paris;https://fr.parkindigo.com/parking/paris-75017/porte-maillot-75172200;tous;0;1293;100;14;333;0;0;0;333;0;190;64202088700419;2.28226367;48.87873861;tarif_special;4.8;9.6;14.4;19.2;43.2;166.0;208.0;ouvrage;tarif petit rouleur -40 % = contacter le parc,tarif PMR = 2,40 euros;64-E-A;16 PLACE DE LA PORTE MAILLOT;17;INDIGO;0141720270;7j / 7;OUI, MAIS TRAVAUX D'ACCESSIBILITE AUX HANDICAPES A;2025-05-01T02:00:00+00:00;208.0;2163.0;OUI;1211.0;1730.0;NON;;2025-02-01T01:00:00+00:00;1.2;2.4;7.2;33.6;38.4;43.2;43.2;43.2;43.2;104.0;294.0;1081.0;2025-09-01T02:00:00+00:00;156.0;441.0;1622.0;1.65;72.0;204.0;757.0;10.0;647360.1;6864541.255;16E,17E,17F;0.45;0.85;14.85;OUI;423.5;605.0;NON;;NON;;OUI;75.0;;OUI;0.8;70.0;199.0;770.0;"{""coordinates"": [2.2822636671601897, 48.87873860461066], ""type"": ""Point""}";48.87873860461066, 2.2822636671601897
75112-P-062;BERCY RELAIS MERCURE;75112;69 ter rue de bercy, 75012, Paris;https://all.accor.com/hotel/0941/index.fr.shtml;tous;0;157;0;4;0;0;0;0;0;0;190;40206971000075;2.38153136;48.83817784;;3.6;7.2;10.8;14.4;30.0;;155.0;ouvrage;URL indique est celui de l'hotel dont depend le parc de stationnement;62-M-A;69 TER RUE DE BERCY;12;SIM;0153465050;7j / 7;NON;2013-01-01T01:00:00+00:00;155.0;1860.0;NON;;;NON;;2019-01-01T01:00:00+00:00;0.9;1.8;5.4;22.0;24.0;26.0;28.0;30.0;30.0;;;;2025-09-01T02:00:00+00:00;;;;;;;;;654605.061;6859969.631;;;;;NON;;;NON;;NON;1680.0;NON;;;NON;;;;;"{""coordinates"": [2.3815313586788305, 48.83817784132191], ""type"": ""Point""}";48.83817784132191, 2.3815313586788305
75115-P-118;GENERAL BEURET;75115;31 ter rue du general beuret, 75015, Paris;https://www.saemes.fr/fr/parking/parking-general-beuret;abonnés;0;80;0;1;0;0;0;0;0;0;185;31703299300741;2.3023162;48.84025777;tarif_special;;;;;;;190.0;ouvrage;abonnements avec reservation uniquement;118-E-A;31 TER RUE DU GENERAL BEURET;15;SAEMES;0144829999;POUR ABONNES;NON;1900-01-01T00:09:21+00:00;;;NON;;;NON;;1900-01-01T00:09:21+00:00;;;;;;;;;;;261.0;;2025-09-01T02:00:00+00:00;;;;;66.0;183.0;660.0;;648792.939;6860249.353;;;;;NON;;;NON;;NON;1900.0;NON;;;NON;;;;;"{""coordinates"": [2.3023162008076503, 48.84025777306254], ""type"": ""Point""}";48.84025777306254, 2.3023162008076503
75115-P-034;CITROEN CEVENNES;75115;45 bis rue leblanc, 75015, Paris;https://fr.parkindigo.com/parking/paris-75015/citroen-cevennes-75150300;tous;0;449;0;12;6;6;0;0;6;0;190;34900901900085;2.276337;48.83875291;tarif_special;4.4;8.8;13.2;17.6;39.6;159.0;235.0;ouvrage;tarif PMR = 2,20 euros;34-M-A;45 BIS RUE LEBLANC;15;INDIGO;0145484330;7j / 7;OUI;2025-04-01T02:00:00+00:00;235.0;2444.0;NON;;;OUI;1653.0;2025-01-01T01:00:00+00:00;1.1;2.2;6.6;30.8;35.2;39.6;39.6;39.6;39.6;0.0;0.0;0.0;2025-09-01T02:00:00+00:00;164.0;468.0;1710.0;1.5;82.0;234.0;855.0;10.0;646884.694;6860099.19;15M,15N,15P,15W,15X;0.4;0.8;13.5;NON;;;OUI;551.0;NON;3055.0;NON;;159.0;OUI;0.8;70.0;199.0;770.0;"{""coordinates"": [2.276337004437539, 48.838752905829615], ""type"": ""Point""}";48.838752905829615, 2.276337004437539
75117-P-011;CARNOT;75117;14 ter avenue carnot, 75017, Paris;https://www.saemes.fr/fr/parking/parking-carnot;tous;0;171;0;4;0;24;0;0;0;0;190;31703299300741;2.29327733;48.87597062;tarif_special;4.8;9.6;14.4;19.2;43.2;212.0;265.0;ouvrage;tarif petit rouleur -40 % : contacter le parc;11-E-A;14 TER AVENUE CARNOT;17;SAEMES;0144826800;7j / 7;OUI;2025-01-01T01:00:00+00:00;265.0;2650.0;OUI;1590.0;2120.0;NON;;2025-01-01T01:00:00+00:00;1.2;2.4;7.2;33.6;38.4;43.2;43.2;43.2;43.2;0.0;0.0;0.0;2025-09-01T02:00:00+00:00;198.0;556.0;1980.0;1.65;92.0;259.0;920.0;10.0;648165.083;6864226.19;1E,2E,8E,8F,8G,8H,8J,8K,8L,9E,9G;0.45;0.85;14.85;OUI;550.0;740.0;NON;;NON;3310.0;NON;;;NON;;;;;"{""coordinates"": [2.293277333932048, 48.87597062361851], ""type"": ""Point""}";48.87597062361851, 2.293277333932048
75109-P-023;ANVERS;75109;41 bis boulevard de rochechouart, 75009, Paris;https://www.sags-parking.fr/parking/161/paris-anvers-montmartre;tous;0;486;0;11;247;111;15;11;247;0;190;31703299300741;2.34401878;48.8826603;tarif_special;4.7;9.4;14.1;18.8;42.3;143.0;265.0;ouvrage;tarif PMR = 2,35 euros;23-E-A;41 BIS BOULEVARD DE ROCHECHOUART;9;SAGS;0142810511;7j / 7;OUI;2025-01-01T01:00:00+00:00;265.0;2650.0;NON;;;OUI;1430.0;2025-01-01T01:00:00+00:00;1.2;2.4;7.1;32.9;37.6;42.3;42.3;42.3;42.3;0.0;0.0;0.0;2025-09-01T02:00:00+00:00;214.5;611.1;2144.2;1.6;92.7;259.5;927.0;10.0;651892.83;6864937.925;9E,9F,9G,10G,18F,18G,18H;0.4;0.8;14.4;NON;;;OUI;500.0;NON;3312.0;NON;;143.0;OUI;1.2;90.0;256.0;990.0;"{""coordinates"": [2.3440187836403963, 48.88266030197595], ""type"": ""Point""}";48.88266030197595, 2.3440187836403963
75108-P-030;MADELEINE TRONCHET;75108;21 m place de la madeleine, 75008, Paris;https://www.saemes.fr/fr/parking/parking-madeleine-tronchet;tous;0;938;0;20;476;56;24;12;472;0;190;31703299300741;2.32442949;48.87086907;tarif_special;4.9;9.8;14.7;19.6;44.1;248.0;310.0;ouvrage;tarif petit rouleur -40 % = contacter le parc;30-E-A;21 M PLACE DE LA MADELEINE;8;SAEMES;0144826800;7j / 7;OUI;2025-01-01T01:00:00+00:00;310.0;3100.0;OUI;1860.0;2480.0;NON;;2025-01-01T01:00:00+00:00;1.25;2.5;7.4;34.3;39.2;44.1;44.1;44.1;44.1;155.0;434.0;1550.0;2025-09-01T02:00:00+00:00;248.0;694.0;2480.0;1.7;108.0;303.0;1080.0;13.0;650445.043;6863638.936;1E,2E,8E,8F,8G,8H,8J,8K,8L,9E,9G;0.45;0.9;15.3;OUI;645.0;860.0;NON;;NON;3870.0;NON;;;OUI;1.2;90.0;256.0;990.0;"{""coordinates"": [2.324429494702786, 48.87086907286336], ""type"": ""Point""}";48.87086907286336, 2.324429494702786
75117-P-065;PRONY;75117;37 ter rue de prony, 75017, Paris;https://www.saemes.fr/fr/parking/parking-prony;abonnés;0;0;0;0;0;0;0;0;0;0;190;31703299300741;2.30582921;48.88158487;;;;;;;;;ouvrage;abonnes tres longue duree;65-E-A;37 TER RUE DE PRONY;17;SAEMES;0144829999;POUR ABONNES;NON;1900-01-01T00:09:21+00:00;;;NON;;;NON;;1900-01-01T00:09:21+00:00;;;;;;;;;;;;;2025-09-01T02:00:00+00:00;;;;;;;;;649091.171;6864842.288;1E,2E,8E,8F,8G,8H,8J,8K,8L,9E,9G;;;;NON;;;NON;;OUI;;NON;;;NON;;;;;"{""coordinates"": [2.3058292146971033, 48.88158486925354], ""type"": ""Point""}";48.88158486925354, 2.3058292146971033
75101-P-104;CROIX DES PETITS CHAMPS;75101;14 rue croix des petits champs, 75001, Paris;https://fr.parkindigo.com/parking/paris-75001/croix-des-petits-champs-75010400;tous;0;328;0;7;0;0;0;1;0;0;190;30464607800481;2.33961047;48.86307153;tarif_special;5.2;10.4;15.6;20.8;46.8;170.0;360.0;ouvrage;tarif PMR = 2,60 euros;104-E-A;14 RUE CROIX DES PETITS CHAMPS;1;INDIGO;0147039221;7j / 7;OUI;2025-02-01T01:00:00+00:00;360.0;3960.0;NON;;;OUI;1700.0;2025-02-01T01:00:00+00:00;1.3;2.6;7.8;36.4;41.6;46.8;46.8;46.8;46.8;0.0;0.0;0.0;2025-09-01T02:00:00+00:00;252.0;706.0;2772.0;1.8;126.0;353.0;1386.0;10.0;651551.332;6862762.49;1E,2E;0.45;0.9;16.2;NON;;;OUI;595.0;NON;4950.0;NON;;170.0;OUI;1.2;90.0;256.0;990.0;"{""coordinates"": [2.3396104742664696, 48.86307152867238], ""type"": ""Point""}";48.86307152867238, 2.3396104742664696
75113-P-163;WATT (RIVE GAUCHE);75113;50 rue watt, 75013, Paris;https://fr.parkindigo.com/parking/paris-75013/zac-rive-gauche-watt-75131300;abonnés;0;485;0;17;0;10;0;0;0;0;190;30464607800481;2.37867831;48.82650967;tarif_special;;;;;;50.0;130.0;ouvrage;;163-E-A;50 RUE WATT;13;INDIGO;0144066050;POUR ABONNES;OUI;1900-01-01T00:09:21+00:00;130.0;1365.0;NON;;;OUI;500.0;1900-01-01T00:09:21+00:00;;;;;;;;;;0.0;0.0;0.0;2025-09-01T02:00:00+00:00;91.0;259.0;955.0;;45.0;129.0;477.0;10.0;654385.446;6858673.901;TOUT PARIS;;;;NON;;;OUI;175.0;NON;1706.0;NON;;50.0;OUI;0.8;70.0;199.0;770.0;"{""coordinates"": [2.378678311474703, 48.8265096709657], ""type"": ""Point""}";48.8265096709657, 2.378678311474703
75109-P-045;MONTHOLON;75109;3 m rue mayran, 75009, Paris;https://fr.parkindigo.com/parking/paris-75009/montholon-75091600;tous;0;414;0;9;23;8;2;0;23;0;190;30464607800481;2.34595065;48.87687366;tarif_special;4.7;9.4;14.1;18.8;42.3;188.0;269.0;ouvrage;tarif petit rouleur -48 % = contacter le parc,tarif PMR = 2,35 euros;45-E-A;3 M RUE MAYRAN;9;INDIGO;0142853757;7j / 7;OUI;2025-05-01T02:00:00+00:00;269.0;2797.0;OUI;1467.75;1957.0;NON;;2025-02-01T01:00:00+00:00;1.2;2.4;7.1;32.9;37.6;42.3;42.3;42.3;42.3;134.0;381.0;1398.0;2025-09-01T02:00:00+00:00;134.0;381.0;1398.0;1.6;94.0;267.0;978.0;10.0;652029.173;6864293.312;9E,9F,9G,10F,10G;0.4;0.8;14.4;OUI;586.5;782.0;NON;;NON;3692.0;NON;;;OUI;1.2;90.0;256.0;990.0;"{""coordinates"": [2.3459506534003034, 48.87687365443178], ""type"": ""Point""}";48.87687365443178, 2.3459506534003034
75118-P-078;MARCADET;75118;142 a rue marcadet, 75018, Paris;https://www.saemes.fr/fr/parking/parking-marcadet;abonnés;0;48;0;0;0;0;0;0;0;0;200;31703299300741;2.33901161;48.89130624;;;;;;;;216.0;ouvrage;abonnements avec reservation uniquement;78-M-A;142 A RUE MARCADET;18;SAEMES;0144829999;POUR ABONNES;NON;1900-01-01T00:09:21+00:00;;;NON;;;NON;;1900-01-01T00:09:21+00:00;;;;;;;;;;;;;2025-09-01T02:00:00+00:00;;;;;87.0;234.0;870.0;;651533.679;6865902.365;;;;;NON;;;NON;;NON;2160.0;NON;;;NON;;;;;"{""coordinates"": [2.3390116064848248, 48.891306238379784], ""type"": ""Point""}";48.891306238379784, 2.3390116064848248
75114-P-033;MAIRIE DU 14 EME;75114;1 ter rue charles divry, 75014, Paris;https://www.saemes.fr/fr/parking/parking-mairie-du-14eme;abonnés;0;37;0;0;2;0;0;0;2;0;190;31703299300741;2.32738266;48.83305564;tarif_special;;;;;;220.0;275.0;ouvrage;tarif petit rouleur -40 % = contacter le parc;33-E-A;1 TER RUE CHARLES DIVRY;14;SAEMES;0144829999;POUR ABONNES;NON;1900-01-01T00:09:21+00:00;275.0;2750.0;OUI;1650.0;2200.0;NON;;1900-01-01T00:09:21+00:00;;;;;;;;;;137.0;392.0;1370.0;2025-09-01T02:00:00+00:00;137.0;392.0;1370.0;;;;;;650625.845;6859432.591;14H,14J,14L,14M,14N,14P;;;;NON;;;NON;;NON;3430.0;NON;;;NON;;;;;"{""coordinates"": [2.3273826600735887, 48.833055635113055], ""type"": ""Point""}";48.833055635113055, 2.3273826600735887
75118-P-105;CARPEAUX;75118;5 ter rue carpeaux, 75018, Paris;https://www.saemes.fr/fr/parking/parking-carpeaux;abonnés;0;71;0;0;0;0;0;0;0;0;190;31703299300741;2.32973617;48.89029795;tarif_special;;;;;;145.0;200.0;ouvrage;;105-M-A;5 TER RUE CARPEAUX;18;SAEMES;0144829999;POUR ABONNES;NON;1900-01-01T00:09:21+00:00;200.0;2000.0;NON;;;OUI;1450.0;1900-01-01T00:09:21+00:00;;;;;;;;;;0.0;0.0;0.0;2025-09-01T02:00:00+00:00;160.0;448.0;1600.0;;70.0;196.0;700.0;10.0;650852.631;6865795.982;8G,8J,8K,8L,17R,17S,18E,18F,18N,18P;;;;NON;;;OUI;507.5;NON;2500.0;NON;;145.0;OUI;;70.0;199.0;770.0;"{""coordinates"": [2.3297361659554965, 48.890297949678924], ""type"": ""Point""}";48.890297949678924, 2.3297361659554965
75106-P-057;SAINT SULPICE;75106;8 m place saint sulpice, 75006, Paris;https://www.saemes.fr/fr/parking/parking-saint-sulpice;tous;0;559;0;10;48;137;25;0;48;0;190;30464607800481;2.33355769;48.85118161;tarif_special;5.4;10.8;16.2;21.6;48.6;200.0;365.0;ouvrage;;57-E-A;8 M PLACE SAINT SULPICE;6;SAEMES;0187896259;7j / 7;OUI;2024-12-01T01:00:00+00:00;365.0;3650.0;NON;;;OUI;2000.0;2024-12-01T01:00:00+00:00;1.35;2.7;8.1;37.8;43.2;48.6;48.6;48.6;48.6;0.0;0.0;0.0;2025-09-01T02:00:00+00:00;255.5;715.0;2555.0;1.85;127.0;357.0;1270.0;10.0;651096.129;6861444.167;5E,5H,5J,6E,6F,6G,7L,7M,7N;0.45;0.9;17.0;NON;;;OUI;700.0;NON;4560.0;NON;;200.0;NON;1.2;90.0;256.0;990.0;"{""coordinates"": [2.333557689801471, 48.85118160468436], ""type"": ""Point""}";48.85118160468436, 2.333557689801471
75117-P-001;AMPERE;75117;93 ter rue ampere, 75017, Paris;https://fr.parkindigo.com;abonnés;0;0;0;0;0;0;0;0;0;0;190;64202088700419;2.29855692;48.88530074;;;;;;;260.0;325.0;ouvrage;abonnes tres longue duree;1-E-A;93 TER RUE AMPERE;17;INDIGO;0141720270;POUR ABONNES;NON;1900-01-01T00:09:21+00:00;325.0;3250.0;OUI;1950.0;2600.0;NON;;1900-01-01T00:09:21+00:00;;;;;;;;;;;;;2025-09-01T02:00:00+00:00;;;;;;;;;648561.523;6865260.181;17G,17H,17J,17K,17L,17M,17N;;;;NON;;;NON;;OUI;4062.5;NON;;;NON;;;;;"{""coordinates"": [2.298556924216501, 48.885300738250976], ""type"": ""Point""}";48.885300738250976, 2.298556924216501
75101-P-041;HARLAY (PONT NEUF);75101;40 bis quai des orfevres, 75001, Paris;https://fr.parkindigo.com/parking/paris-75001/harlay-pont-neuf-75010300;tous;0;391;0;9;0;0;0;2;0;0;190;30464607800481;2.3427859;48.85566488;;5.1;10.2;15.3;20.4;45.9;199.0;285.0;ouvrage;;41-E-A;40 BIS QUAI DES ORFEVRES;1;INDIGO;0146339748;7j / 7;OUI;2025-04-01T02:00:00+00:00;285.0;2964.0;NON;;;OUI;2074.0;2025-01-01T01:00:00+00:00;1.3;2.6;7.7;35.7;40.8;45.9;45.9;45.9;45.9;;;;2025-09-01T02:00:00+00:00;142.0;405.0;1482.0;;99.0;282.0;1037.0;10.0;651777.433;6861936.99;1E,34F,4E,5G,5H,5J,6E;;;;NON;;;NON;;NON;3705.0;NON;;199.0;OUI;1.2;90.0;256.0;990.0;"{""coordinates"": [2.34278589854009, 48.855664876183866], ""type"": ""Point""}";48.855664876183866, 2.34278589854009
75116-P-059;VICTOR HUGO POMPE;75116;122 avenue victor hugo, 75016, Paris;https://fr.parkindigo.com/parking/paris-75016/victor-hugo-pompe-75160100;tous;0;296;0;0;0;0;0;0;0;0;190;72205418600035;2.28073239;48.86778257;tarif_special;5.3;10.6;15.9;21.2;47.7;;369.0;ouvrage;tarif PMR = 2,65 euros;59-E-A;122 AVENUE VICTOR HUGO;16;INDIGO;0141720270;7j / 7;PREVU;2025-04-01T02:00:00+00:00;369.0;3838.0;NON;;;NON;;2025-01-01T01:00:00+00:00;1.35;2.7;8.0;37.1;42.4;47.7;47.7;47.7;47.7;184.0;525.0;1918.0;2025-09-01T02:00:00+00:00;184.0;525.0;1918.0;1.85;129.0;366.0;1342.0;10.0;647236.7;6863324.053;;0.5;0.95;16.65;NON;;;NON;;NON;4796.0;NON;;;OUI;0.8;70.0;199.0;770.0;"{""coordinates"": [2.280732393178407, 48.86778257274994], ""type"": ""Point""}";48.86778257274994, 2.280732393178407
75112-P-100;VAN GOGH;75112;203 ter rue de bercy, 75012, Paris;https://fr.parkindigo.com;abonnés;0;151;0;0;0;0;0;0;0;0;190;30464607800481;2.37185347;48.84467523;tarif_special;;;;;;130.0;250.0;ouvrage;abonnements avec reservation uniquement,hauteur 260 cm niveaux 0 et +1 autres niveaux 190 cm;100-E-A;203 TER RUE DE BERCY;12;INDIGO;0144829999;POUR ABONNES;OUI;1900-01-01T00:09:21+00:00;250.0;2625.0;NON;;;OUI;1300.0;1900-01-01T00:09:21+00:00;;;;;;;;;;0.0;0.0;0.0;2025-09-01T02:00:00+00:00;175.0;498.0;1837.0;;87.0;249.0;918.0;10.0;653900.476;6860697.683;12E,12F,12G,12H,12J,12K,12L,12M,12N,12P,12R;;;;NON;;;OUI;455.0;NON;3281.0;NON;;130.0;OUI;;70.0;199.0;770.0;"{""coordinates"": [2.371853465558223, 48.84467523182838], ""type"": ""Point""}";48.84467523182838, 2.371853465558223
75112-P-164;VELOSTATION VAN GOGH;75112;4 m rue van gogh, 75012, Paris;https://www.saemes.fr/fr/parking/velostation-van-gogh;abonnés;0;0;0;0;0;198;30;0;0;0;230;31703299300741;2.37125675;48.84369509;;;;;;;;;ouvrage;uniquement velos et velos avec assistance electrique;164-M-A;4 M RUE VAN GOGH;12;SAEMES;0144829999;POUR ABONNES;ACCESSIBLE DE PLAIN PIED;1900-01-01T00:09:21+00:00;;;NON;;;NON;;1900-01-01T00:09:21+00:00;;;;;;;;;;;;;2025-09-01T02:00:00+00:00;;;;;;;;10.0;653855.816;6860589.049;;;;;NON;;;NON;;NON;;NON;;;NON;;;;;"{""coordinates"": [2.37125674571118, 48.843695087061434], ""type"": ""Point""}";48.843695087061434, 2.37125674571118
75116-P-140;MARCEAU ETOILE;75116;75 ter avenue marceau, 75016, Paris;https://www.q-park.fr/fr-fr/villes/paris/marceau-champs-elysées/;tous;0;343;0;10;10;0;0;0;10;0;190;37888823400523;2.29688532;48.87147207;;6.5;13.0;19.5;26.0;52.0;207.0;381.0;ouvrage;;140-E-A;75 TER AVENUE MARCEAU;16;Q PARK;0140701010;7j / 7;OUI;2025-01-01T01:00:00+00:00;381.0;3670.0;NON;;;OUI;2484.0;2025-01-01T01:00:00+00:00;1.65;3.25;9.75;45.5;52.0;52.0;52.0;52.0;52.0;;;;2025-09-01T02:00:00+00:00;150.0;;1800.0;;174.0;480.0;1359.0;;648425.251;6863723.623;8E,8F,8G,8H,8J,16E,16F,16G,16H,16I,16J,17E;;;;NON;;;NON;;NON;4587.5;NON;;207.0;OUI;;90.0;256.0;990.0;"{""coordinates"": [2.296885315501811, 48.871472070452576], ""type"": ""Point""}";48.871472070452576, 2.296885315501811
75116-P-013;EYLAU;75116;6 avenue d eylau, 75016, Paris;https://fr.parkindigo.com;abonnés;0;0;0;0;0;0;0;0;0;0;190;72205418600035;2.28614446;48.8637666;;;;;;;;;ouvrage;abonnes tres longue duree;13-E-A;6 AVENUE D EYLAU;16;INDIGO;0141720270;POUR ABONNES;NON;1900-01-01T00:09:21+00:00;;;NON;;;NON;;1900-01-01T00:09:21+00:00;;;;;;;;;;;;;2025-09-01T02:00:00+00:00;;;;;;;;;647629.665;6862873.908;;;;;NON;;;NON;;OUI;;NON;;;NON;;;;;"{""coordinates"": [2.2861444603254903, 48.863766594329896], ""type"": ""Point""}";48.863766594329896, 2.2861444603254903
75117-P-114;PORTE D ASNIERES;75117;2 avenue de la porte d asnieres, 75017, Paris;https://fr.parkindigo.com/parking/paris-75017/porte-dasnieres-75170600;abonnés;0;85;0;0;0;0;0;0;0;0;190;72205418600035;2.30375258;48.89037285;;;;;;;;178.0;ouvrage;abonnements avec reservation uniquement;114-E-A;2 AVENUE DE LA PORTE D ASNIERES;17;INDIGO;0141720270;POUR ABONNES;OUI;1900-01-01T00:09:21+00:00;;;NON;;;NON;;1900-01-01T00:09:21+00:00;;;;;;;;;;;;;2025-09-01T02:00:00+00:00;;;;;101.0;288.0;1055.0;;648947.496;6865820.796;;;;;NON;;;NON;;NON;1851.0;NON;;;NON;;;;;"{""coordinates"": [2.3037525820336073, 48.89037284556033], ""type"": ""Point""}";48.89037284556033, 2.3037525820336073
75105-P-050;SOUFFLOT;75105;18 m rue soufflot, 75005, Paris;https://fr.parkindigo.com/parking/paris-75005/soufflot-pantheon-75050100;tous;0;633;0;14;11;8;0;5;6;0;190;69200653900138;2.34241862;48.84708752;tarif_special;5.1;10.2;15.3;20.4;45.9;;277.0;ouvrage;tarif PMR = 2,55 euros;50-E-A,50-E-B;18 M RUE SOUFFLOT,19 TER RUE SOUFFLOT;5;INDIGO;0143261554;7j / 7;OUI;2025-04-01T02:00:00+00:00;277.0;2880.0;NON;;;NON;;2025-01-01T01:00:00+00:00;1.3;2.6;7.7;35.7;40.8;45.9;45.9;45.9;45.9;138.0;393.0;1440.0;2025-09-01T02:00:00+00:00;138.0;393.0;1440.0;1.75;96.0;276.0;1008.0;10.0;651742.542 | 651678.248;6860983.493 | 6860986.007;;0.45;0.9;15.75;NON;;;NON;;NON;3600.0;NON;;;OUI;1.2;90.0;256.0;990.0;"{""coordinates"": [2.3424186160194695, 48.84708752288243], ""type"": ""Point""}";48.84708752288243, 2.3424186160194695
75114-P-019;MONTPARNASSE RASPAIL;75114;120 quater boulevard du montparnasse, 75014, Paris;https://fr.parkindigo.com/parking/paris-75014/montparnasse-raspail-75140300;tous;0;746;0;0;0;0;0;0;0;0;190;30464607800481;2.33079393;48.84146614;tarif_special;4.4;8.8;13.2;17.6;39.6;140.0;230.0;ouvrage;tarif PMR = 2,20 euros;19-E-A,19-E-B;120 QUATER BOULEVARD DU MONTPARNASSE,139 TER BOULEVARD DU MONTPARNASSE;14;INDIGO;0145484330;7j / 7;PREVU;2024-01-01T01:00:00+00:00;230.0;2300.0;NON;;;OUI;1400.0;2021-11-02T01:00:00+00:00;1.1;2.2;6.6;30.8;35.2;39.6;39.6;39.6;39.6;0.0;0.0;0.0;2025-09-01T02:00:00+00:00;173.0;492.0;1794.0;1.5;80.0;228.0;800.0;10.0;650884.172 | 651024.533;6860365.62 | 6860321.567;6F,6G,14N,14P,15H;0.35;0.7;13.5;NON;;;OUI;490.0;NON;2880.0;NON;;140.0;OUI;0.8;70.0;199.0;770.0;"{""coordinates"": [2.330793925436312, 48.84146614197999], ""type"": ""Point""}";48.84146614197999, 2.330793925436312
75108-P-061;ROND POINT DES CHAMPS ELYSEES;75108;2 m rond point des champs elysees marcel dassault, 75008, Paris;https://fr.parkindigo.com/parking/paris-75008/rond-point-des-champs-elysees-75080400;tous;0;579;0;13;43;10;0;2;43;0;190;67203552400087;2.31102051;48.86932976;tarif_special;5.7;11.4;17.1;22.8;51.3;;299.0;ouvrage;tarif PMR = 2,85 euros;61-E-A;2 M ROND POINT DES CHAMPS ELYSEES MARCEL DASSAULT;8;INDIGO;0141720261;7j / 7;OUI;2025-04-01T02:00:00+00:00;299.0;3109.0;NON;;;NON;;2025-01-01T01:00:00+00:00;1.45;2.9;8.6;39.9;45.6;51.3;51.3;51.3;51.3;149.0;426.0;1554.0;2025-09-01T02:00:00+00:00;149.0;426.0;1554.0;1.95;104.0;297.0;1088.0;10.0;649459.988;6863476.275;;0.5;1.0;17.55;NON;;;NON;;NON;3886.0;NON;;;NON;;;;;"{""coordinates"": [2.3110205060696947, 48.8693297583149], ""type"": ""Point""}";48.8693297583149, 2.3110205060696947
75114-P-111;DIDOT;75114;2 ter rue didot, 75014, Paris;https://www.saemes.fr/fr/parking/parking-didot;abonnés;0;144;0;0;20;45;10;0;20;0;190;31703299300741;2.32161328;48.83399678;tarif_special;;;;;;112.0;147.0;ouvrage;;111-M-A;2 TER RUE DIDOT;14;SAEMES;0144829999;POUR ABONNES;OUI;1900-01-01T00:09:21+00:00;147.0;1470.0;NON;;;OUI;1120.0;1900-01-01T00:09:21+00:00;;;;;;;;;;0.0;0.0;0.0;2025-09-01T02:00:00+00:00;95.0;266.0;950.0;;51.0;144.0;515.0;10.0;650203.247;6859540.859;14L,14M,14N;;;;NON;;;OUI;410.0;NON;1840.0;NON;;112.0;OUI;0.8;70.0;199.0;770.0;"{""coordinates"": [2.32161327646211, 48.83399678378567], ""type"": ""Point""}";48.83399678378567, 2.32161327646211
75113-P-151;BIBLIOTHEQUE F. MITTERRAND (RIVE GAUCHE);75113;16 rue emile durkheim, 75013, Paris;https://fr.parkindigo.com/parking/paris-75013/bibliotheque-francois-mitterrand-75131100;tous;0;624;200;21;3;10;0;6;3;0;190;30464607800481;2.37732985;48.83224971;tarif_special;4.2;8.4;12.6;16.8;37.8;100.0;250.0;ouvrage;;151-E-A,151-E-B,151-E-C;16 RUE EMILE DURKHEIM,43 QUAI FRANCOIS MAURIAC,22 RUE NEUVE TOLBIAC;13;INDIGO;0144066050;7j / 7;OUI;2024-03-31T01:00:00+00:00;250.0;2625.0;NON;;;OUI;1000.0;2024-03-31T01:00:00+00:00;1.05;2.1;6.3;29.4;33.6;37.8;37.8;37.8;37.8;0.0;0.0;0.0;2025-09-01T02:00:00+00:00;174.0;498.0;1836.0;1.45;87.0;249.0;918.0;10.0;654291.483 | 654247.967 | 654338.329;6859312.909 | 6859560.318 | 6859220.92;5F,12E,12F,13J,13K,13L,13M,13N,13P,13R,13S;0.4;0.75;13.05;NON;;;OUI;350.0;NON;3281.0;OUI;75.0;100.0;OUI;0.8;70.0;199.0;770.0;"{""coordinates"": [2.3773298470735043, 48.832249708908634], ""type"": ""Point""}";48.832249708908634, 2.3773298470735043
75108-P-109;ETOILE FRIEDLAND;75108;14 ter avenue de friedland, 75008, Paris;https://fr.parkindigo.com/parking/paris-75008/etoile-friedland-75080800;tous;0;261;0;7;11;6;0;1;10;0;190;65200836800100;2.30123059;48.87452022;;5.7;11.4;17.1;22.8;51.3;;328.0;ouvrage;;109-E-A,109-E-B;14 TER AVENUE DE FRIEDLAND,39 TER AVENUE DE FRIEDLAND;8;INDIGO;0141720261;7j / 7;OUI;2025-04-01T02:00:00+00:00;328.0;3411.0;NON;;;NON;;2025-01-01T01:00:00+00:00;1.45;2.9;8.6;39.9;45.6;51.3;51.3;51.3;51.3;;;;2025-09-01T02:00:00+00:00;164.0;465.0;1705.0;;147.0;417.0;1534.0;10.0;648746.976 | 648589.284;6864059.724 | 6864013.289;;;;;NON;;;NON;;NON;4263.0;NON;;;OUI;1.2;90.0;256.0;990.0;"{""coordinates"": [2.3012305914235918, 48.87452021632995], ""type"": ""Point""}";48.87452021632995, 2.3012305914235918
75112-P-115;HECTOR MALOT;75112;61 quater avenue daumesnil, 75012, Paris;https://www.saemes.fr/fr/parking/parking-hector-malot;abonnés;0;284;0;6;0;7;0;0;0;0;200;31703299300741;2.37633192;48.84690131;;;;;;;;;ouvrage;;115-E-A;61 QUATER AVENUE DAUMESNIL;12;SAEMES;0144829999;POUR ABONNES;OUI;1900-01-01T00:09:21+00:00;;;NON;;;NON;;1900-01-01T00:09:21+00:00;;;;;;;;;;;;;2025-09-01T02:00:00+00:00;;;;;;;;;654231.097;6860942.596;11E,11F,11G,11H,11J,11K,11L,12E,12F,12G,12H,12J,12K;;;;NON;;;NON;;NON;;NON;;;OUI;;70.0;199.0;770.0;"{""coordinates"": [2.376331922012288, 48.84690130645877], ""type"": ""Point""}";48.84690130645877, 2.376331922012288
75112-P-029;BASTILLE;75112;29 boulevard de la bastille, 75012, Paris;https://fr.parkindigo.com/parking/paris-75012/bastille-75121100;tous;0;227;0;5;50;80;16;0;50;0;190;30464607800481;2.36818245;48.84948604;tarif_special;4.7;9.4;14.1;18.8;42.3;172.0;216.0;ouvrage;tarif petit rouleur -40 % : contacter le parc,tarif PMR = 2,35 euros;29-E-A;29 BOULEVARD DE LA BASTILLE;12;INDIGO;0143467415;7j / 7;OUI;2025-05-01T02:00:00+00:00;216.0;2160.0;OUI;1296.0;1728.0;NON;;2025-02-01T01:00:00+00:00;1.2;2.4;7.1;32.9;37.6;42.3;42.3;42.3;42.3;108.0;306.0;1080.0;2025-09-01T02:00:00+00:00;162.0;459.0;1620.0;1.6;75.0;213.0;756.0;10.0;653635.347;6861234.748;4E,34F,11G,11H,11K,12E,12G;0.4;0.8;14.4;OUI;453.0;604.0;NON;;NON;2851.0;NON;;;OUI;0.8;70.0;199.0;770.0;"{""coordinates"": [2.3681824501021067, 48.8494860342755], ""type"": ""Point""}";48.8494860342755, 2.3681824501021067
75117-P-112;MAC MAHON;75117;17 ter avenue mac mahon, 75017, Paris;https://fr.parkindigo.com/parking/paris-75017/mac-mahon-75171100;tous;0;278;0;0;0;0;0;0;0;0;190;30464607800481;2.29440942;48.87655243;tarif_special;5.3;10.6;15.9;21.2;47.7;197.0;291.0;ouvrage;tarif PMR = 2,65 euros;112-E-A;17 TER AVENUE MAC MAHON;17;INDIGO;0141720270;7j / 7;OUI;2025-04-01T02:00:00+00:00;291.0;3026.0;NON;;;OUI;2048.0;2025-01-01T01:00:00+00:00;1.35;2.7;8.0;37.1;42.4;47.7;47.7;47.7;47.7;0.0;0.0;0.0;2025-09-01T02:00:00+00:00;203.0;579.0;2118.0;1.85;101.0;288.0;1059.0;10.0;648248.692;6864290.14;8F,8G,16E,16F,16G,17E,17F,17H,17J;0.5;0.95;16.65;NON;;;OUI;716.0;NON;3782.0;NON;;197.0;OUI;0.8;70.0;199.0;770.0;"{""coordinates"": [2.294409416131613, 48.87655243022576], ""type"": ""Point""}";48.87655243022576, 2.294409416131613
75113-P-152;CITE DE LA MODE AUSTERLITZ (RIVE GAUCHE);75113;29 ter quai d austerlitz, 75013, Paris;https://fr.parkindigo.com/parking/paris-75013/cite-de-la-mode-austerlitz-75130900;tous;0;327;0;7;2;80;0;6;2;0;190;30464607800481;2.37111402;48.83941726;tarif_special;4.2;8.4;12.6;16.8;37.8;130.0;250.0;ouvrage;;152-M-A;29 TER QUAI D AUSTERLITZ;13;INDIGO;0144066050;7j / 7;OUI;2024-03-31T01:00:00+00:00;250.0;2625.0;NON;;;OUI;1300.0;2024-03-31T01:00:00+00:00;1.05;2.1;6.3;29.4;33.6;37.8;37.8;37.8;37.8;0.0;0.0;0.0;2025-09-01T02:00:00+00:00;175.0;498.0;1837.0;1.45;87.0;249.0;918.0;10.0;653841.553;6860113.481;5F,12E,12F,13J,13K,13L,13M,13N,13P,13R,13S;0.4;0.75;13.05;NON;;;OUI;455.0;NON;3281.0;NON;;130.0;OUI;0.8;70.0;199.0;770.0;"{""coordinates"": [2.371114018953063, 48.839417260977825], ""type"": ""Point""}";48.839417260977825, 2.371114018953063
75101-P-052;PYRAMIDES;75101;14 ter rue des pyramides, 75001, Paris;https://www.indigoneo.fr/fr/parkings/31965/parking-pyramides;tous;0;562;0;12;8;72;0;8;8;0;190;31703299300741;2.33318657;48.86512039;;0.0;0.0;0.0;0.0;0.0;;;ouvrage;tarif petit rouleur -45 % = contacter le parc;52-E-A,52-E-B;14 TER RUE DES PYRAMIDES,29 TER RUE DES PYRAMIDES;1;INDIGO;0147030288;7j / 7;OUI;2025-09-01T02:00:00+00:00;;;NON;;;NON;;2025-09-01T02:00:00+00:00;0.0;0.0;0.0;0.0;0.0;0.0;0.0;0.0;0.0;;;;2025-09-01T02:00:00+00:00;;;;;;;;;651081.985 | 651134.902;6862994.267 | 6863124.575;1E,2E;;;;NON;;;NON;;NON;;NON;;;OUI;1.2;90.0;256.0;990.0;"{""coordinates"": [2.333186567668599, 48.865120387850915], ""type"": ""Point""}";48.865120387850915, 2.333186567668599
75113-P-120;CHARLETY COUBERTIN;75113;27 ter avenue pierre de coubertin, 75013, Paris;https://www.saemes.fr/fr/parking/parking-charlety-coubertin;tous;0;401;60;8;1;33;0;0;1;0;185;31703299300741;2.34427348;48.81733316;;0.0;0.0;0.0;0.0;0.0;;;ouvrage;;120-E-A;27 TER AVENUE PIERRE DE COUBERTIN;13;SAEMES;0145652561;7j / 7;OUI;2025-06-01T02:00:00+00:00;;;NON;;;NON;;2025-06-01T02:00:00+00:00;0.0;0.0;0.0;0.0;0.0;0.0;0.0;0.0;0.0;;;;2025-09-01T02:00:00+00:00;;;;;;;;;651851.186;6857674.01;13E,13F,13G,13M,13N;;;;NON;;;NON;;NON;;OUI;75.0;;OUI;0.8;70.0;199.0;770.0;"{""coordinates"": [2.3442734753146457, 48.8173331543928], ""type"": ""Point""}";48.8173331543928, 2.3442734753146457
75117-P-154;CARDINET;75117;149 ter rue cardinet, 75017, Paris;https://www.sags-parking.fr/parking/163/paris-cardinet;abonnés;0;588;0;12;291;24;0;6;284;0;195;31703299300741;2.31692093;48.89006559;tarif_special;;;;;;143.0;265.0;ouvrage;;154-E-A;149 TER RUE CARDINET;17;SAGS;0142640382;POUR ABONNES;OUI;1900-01-01T00:09:21+00:00;265.0;2650.0;NON;;;OUI;1430.0;1900-01-01T00:09:21+00:00;;;;;;;;;;0.0;0.0;0.0;2025-09-01T02:00:00+00:00;214.5;611.1;2144.2;;92.7;259.5;927.0;10.0;649912.748;6865778.197;17K,17P,17R,17S,17T;;;;NON;;;OUI;500.0;NON;3312.0;NON;;143.0;OUI;;70.0;199.0;770.0;"{""coordinates"": [2.3169209259294323, 48.89006558475738], ""type"": ""Point""}";48.89006558475738, 2.3169209259294323
75113-P-150;BORDS DE SEINE FREYSSINET (RIVE GAUCHE);75113;25 ter rue abel gance, 75013, Paris;https://fr.parkindigo.com/parking/paris-75013/bords-de-seine-freyssinet-75131000;tous;0;392;0;9;3;16;0;5;3;0;190;30464607800481;2.3730091;48.83515677;tarif_special;4.2;8.4;12.6;16.8;37.8;100.0;250.0;ouvrage;;150-E-A;25 TER RUE ABEL GANCE;13;INDIGO;0144066050;7j / 7;OUI;2024-03-31T01:00:00+00:00;250.0;2625.0;NON;;;OUI;1000.0;2024-03-31T01:00:00+00:00;1.05;2.1;6.3;29.4;33.6;37.8;37.8;37.8;37.8;0.0;0.0;0.0;2025-09-01T02:00:00+00:00;175.0;498.0;1836.0;1.45;87.0;249.0;918.0;10.0;653976.882;6859638.653;5F,12E,12F,13J,13K,13L,13M,13N,13P,13R,13S;0.4;0.75;13.05;NON;;;OUI;350.0;NON;3279.0;NON;;100.0;OUI;0.8;70.0;199.0;770.0;"{""coordinates"": [2.37300909944078, 48.83515677295878], ""type"": ""Point""}";48.83515677295878, 2.37300909944078
75116-P-012;FOCH;75116;4 ter avenue foch, 75016, Paris;https://fr.parkindigo.com/parking/paris-75016/foch-75161300;tous;0;2039;150;17;0;5;0;0;0;0;190;39418789200440;2.29199298;48.87364988;tarif_special;5.4;10.8;16.2;21.6;51.3;244.0;349.0;ouvrage;tarif PMR = 2,70 euros;12-E-A,12-E-B,12-E-C;4 TER AVENUE FOCH,37 TER AVENUE FOCH,45 M AVENUE FOCH;16;INDIGO;0141720270;7j / 7;OUI;2025-04-01T02:00:00+00:00;349.0;3629.0;NON;;;OUI;2540.0;2025-01-01T01:00:00+00:00;2.35;3.6;8.1;37.8;43.2;48.6;51.3;51.3;51.3;0.0;0.0;0.0;2025-09-01T02:00:00+00:00;244.0;693.0;2540.0;1.9;122.0;345.0;1270.0;10.0;648068.57 | 647549.122 | 647421.99;6863968.985 | 6863823.167 | 6863833.883;16E,16F,16G,16J,17E;0.8;1.25;17.65;NON;;;OUI;884.0;NON;4490.0;OUI;75.0;244.0;OUI;0.8;70.0;199.0;770.0;"{""coordinates"": [2.2919929781623063, 48.873649880979976], ""type"": ""Point""}";48.873649880979976, 2.2919929781623063
94080-P-156;MARIGNY CHATEAU;94080;10 cours marigny, 94300, Paris;https://fr.parkindigo.com/parking/vincennes-94300/marigny-chateau-94120700;tous;0;583;30;11;26;65;4;0;26;0;190;72204380902362;2.43953727;48.84535357;tarif_special;2.0;4.0;6.0;8.0;18.0;;125.0;ouvrage;tarif PMR = 1 euro,le parc, propriete de la Ville de Paris, se situe a Vincennes;156-E-A;10 COURS MARIGNY;94;INDIGO;0143749643;7j / 7;OUI;2025-03-01T01:00:00+00:00;125.0;1250.0;NON;;;NON;;2025-03-01T01:00:00+00:00;0.5;1.0;3.0;14.0;16.0;18.0;18.0;18.0;18.0;62.0;170.0;620.0;2025-09-01T02:00:00+00:00;62.0;170.0;620.0;0.7;43.0;118.0;430.0;10.0;658868.221;6860735.722;;0.2;0.4;6.3;NON;;;NON;;NON;1650.0;OUI;75.0;;OUI;0.8;70.0;199.0;770.0;"{""coordinates"": [2.4395372681261125, 48.84535356884165], ""type"": ""Point""}";48.84535356884165, 2.4395372681261125
75112-P-129;BERCY SEINE VEHICULES LEGERS;75112;180 quai de bercy, 75012, Paris;https://www.saemes.fr/fr/parking/parking-bercy-seine;tous;0;284;40;6;2;10;0;13;2;0;190;31703299300741;2.38083038;48.83505677;tarif_special;4.5;9.0;13.5;18.0;40.5;129.0;185.0;ouvrage;;129-E-A;180 QUAI DE BERCY;12;SAEMES;0143074858;7j / 7;OUI;2025-01-01T01:00:00+00:00;185.0;1850.0;NON;;;OUI;1290.0;2025-01-01T01:00:00+00:00;1.15;2.3;6.8;31.5;36.0;40.5;40.5;40.5;40.5;0.0;0.0;0.0;2025-09-01T02:00:00+00:00;130.0;343.0;1300.0;1.55;74.0;196.0;740.0;10.0;654550.89;6859623.003;12F,12G,12J,12K,12L,13K,13P,13R,13S;0.4;0.8;13.95;NON;;;OUI;560.0;NON;;OUI;75.0;129.0;OUI;0.8;70.0;199.0;770.0;"{""coordinates"": [2.3808303836905593, 48.83505676516048], ""type"": ""Point""}";48.83505676516048, 2.3808303836905593
75114-P-117;MAINE BASCH ALESIA;75114;204 ter avenue du maine, 75014, Paris;https://fr.parkindigo.com/parking/paris-75014/alesia-75140400;tous;0;437;0;10;0;5;0;8;0;0;185;69200653900138;2.32571957;48.83027508;tarif_special;4.8;9.6;14.4;19.2;43.2;;225.0;ouvrage;tarif PMR = 2,40 euros;117-E-A,117-E-B;204 TER AVENUE DU MAINE,205 TER AVENUE DU MAINE;14;INDIGO;0143205699;7j / 7;OUI;2025-04-01T02:00:00+00:00;225.0;2340.0;NON;;;NON;;2024-01-01T01:00:00+00:00;1.2;2.4;7.2;33.6;38.4;43.2;43.2;43.2;43.2;112.0;318.0;1170.0;2025-09-01T02:00:00+00:00;112.0;318.0;1170.0;1.65;78.0;222.0;819.0;10.0;650501.127 | 650564.891;6859124.466 | 6858956.508;;0.45;0.85;14.85;NON;;;NON;;NON;2925.0;NON;;;OUI;1.2;90.0;256.0;990.0;"{""coordinates"": [2.3257195693833568, 48.83027507537193], ""type"": ""Point""}";48.83027507537193, 2.3257195693833568
75113-P-153;UNIVERSITE DIDEROT (RIVE GAUCHE);75113;29 quater rue thomas mann, 75013, Paris;https://fr.parkindigo.com/parking/paris-75013/universite-diderot-75131200;tous;0;494;200;12;4;16;0;6;4;0;190;30464607800481;2.37890733;48.82943342;tarif_special;3.6;7.2;10.8;14.4;32.4;100.0;230.0;ouvrage;;153-E-A;29 QUATER RUE THOMAS MANN;13;INDIGO;0144066050;7j / 7;OUI;2024-03-31T01:00:00+00:00;230.0;2415.0;NON;;;OUI;1000.0;2024-03-31T01:00:00+00:00;0.9;1.8;5.4;25.2;28.8;32.4;32.4;32.4;32.4;0.0;0.0;0.0;2025-09-01T02:00:00+00:00;161.0;458.0;1690.0;1.25;80.0;229.0;845.0;10.0;654404.816;6858998.857;TOUT PARIS;0.35;0.65;11.25;NON;;;OUI;350.0;NON;3018.0;OUI;75.0;100.0;OUI;0.8;70.0;199.0;770.0;"{""coordinates"": [2.378907327006141, 48.829433423188], ""type"": ""Point""}";48.829433423188, 2.378907327006141
75101-P-147;SEBASTOPOL;75101;37 ter boulevard sebastopol, 75001, Paris;https://fr.parkindigo.com/parking/paris-75001/sebastopol-75010500;tous;0;462;0;10;20;0;0;0;20;0;190;30464607800481;2.34947353;48.86098926;;5.3;10.6;15.9;21.2;47.7;192.0;275.0;ouvrage;;147-E-A;37 TER BOULEVARD SEBASTOPOL;1;INDIGO;0141720255;7j / 7;OUI;2025-04-01T02:00:00+00:00;275.0;2860.0;NON;;;OUI;2002.0;2025-01-01T01:00:00+00:00;1.35;2.7;8.0;37.1;42.4;47.7;47.7;47.7;47.7;;;;2025-09-01T02:00:00+00:00;137.0;390.0;1430.0;1.85;96.0;273.0;1001.0;;652272.999;6862524.952;1E,2E,3E,4E;0.5;0.95;16.65;NON;;;NON;;NON;3575.0;NON;;192.0;OUI;1.2;90.0;256.0;990.0;"{""coordinates"": [2.3494735300059104, 48.860989256516476], ""type"": ""Point""}";48.860989256516476, 2.3494735300059104
75107-P-134;LA TOUR MAUBOURG ORSAY;75107;45 ter quai d orsay, 75007, Paris;https://www.q-park-resa.fr/fr/parking/paris/tour-maubourg-33.html;tous;0;262;0;9;10;0;0;0;10;0;190;37888823400523;2.3097455;48.86236723;;6.1;12.2;18.3;24.4;50.35;207.0;381.0;ouvrage;;134-E-A;45 TER QUAI D ORSAY;7;Q PARK;0144180405;7j / 7;OUI;2025-01-01T01:00:00+00:00;381.0;3670.0;NON;;;OUI;2484.0;2025-01-01T01:00:00+00:00;1.55;3.05;9.15;42.7;48.8;50.35;50.35;50.35;50.35;;;;2025-09-01T02:00:00+00:00;150.0;;1800.0;;174.0;480.0;1359.0;;649359.695;6862702.916;1E,7E,7F,7G,7H,7J,7K,7L,7M,7N,8E,16H;;;;NON;;;NON;;NON;4587.5;NON;;207.0;OUI;1.2;90.0;256.0;990.0;"{""coordinates"": [2.3097455029277723, 48.86236722539152], ""type"": ""Point""}";48.86236722539152, 2.3097455029277723
75104-P-124;BAUDOYER;75104;25 ter rue de rivoli, 75004, Paris;http://realpark.fr/parking/baudoyer.html;tous;0;229;0;6;0;6;0;0;0;0;195;38418949400022;2.35539936;48.85647646;;4.8;9.5;14.6;18.8;39.6;;249.0;ouvrage;;124-E-A;25 TER RUE DE RIVOLI;4;REALPARK S.A.;0144171819;7j / 7;OUI;2014-03-01T01:00:00+00:00;249.0;2500.0;NON;;;NON;;2023-04-01T02:00:00+00:00;1.2;2.4;7.2;32.4;36.0;39.6;39.6;39.6;39.6;;;;2025-09-01T02:00:00+00:00;;;;;100.0;;;10.83333333;652703.652;6862019.602;;;;;NON;;;NON;;NON;;NON;;;NON;;;;;"{""coordinates"": [2.3553993637059274, 48.85647646118244], ""type"": ""Point""}";48.85647646118244, 2.3553993637059274
75119-P-102;MAIRIE DU 19EME;75119;5 m rue andre dubois, 75019, Paris;https://www.saemes.fr/fr/parking/parking-mairie-du-19eme;abonnés;0;147;0;1;0;0;0;1;0;0;190;31703299300741;2.38175476;48.883421;tarif_special;;;;;;;187.0;ouvrage;abonnements avec reservation uniquement;102-M-A;5 M RUE ANDRE DUBOIS;19;SAEMES;0144829999;POUR ABONNES;NON;1900-01-01T00:09:21+00:00;;;NON;;;NON;;1900-01-01T00:09:21+00:00;;;;;;;;;;;252.0;;2025-09-01T02:00:00+00:00;;;;;75.0;202.0;750.0;;654660.847;6865000.181;;;;;NON;;;NON;;NON;1870.0;NON;;;NON;;;;;"{""coordinates"": [2.3817547581841554, 48.88342099809319], ""type"": ""Point""}";48.88342099809319, 2.3817547581841554
75117-P-004;VILLIERS;75117;14 ter avenue de villiers, 75017, Paris;https://fr.parkindigo.com/parking/paris-75017/villiers-75171800;tous;0;141;0;4;27;10;0;0;27;0;190;64202088700419;2.31430614;48.88185618;tarif_special;5.3;10.6;15.9;21.2;47.7;291.0;364.0;ouvrage;tarif petit rouleur -40 % = contacter le parc,tarif PMR = 2,65 euros;4-E-A;14 TER AVENUE DE VILLIERS;17;INDIGO;0141720270;7j / 7;OUI;2025-05-01T02:00:00+00:00;364.0;3785.0;OUI;2271.0;3028.0;NON;;2025-02-01T01:00:00+00:00;1.35;2.7;8.0;37.1;42.4;47.7;47.7;47.7;47.7;182.0;516.0;1892.0;2025-09-01T02:00:00+00:00;182.0;516.0;1892.0;1.85;127.0;360.0;1324.0;10.0;649713.095;6864867.024;17G,17H,17J,17K,17L,17M,17N;0.5;0.95;16.65;OUI;794.25;1059.0;NON;;NON;4731.0;NON;;;OUI;0.8;70.0;199.0;770.0;"{""coordinates"": [2.314306143686253, 48.88185617948149], ""type"": ""Point""}";48.88185617948149, 2.314306143686253
75108-P-054;FRANCOIS 1ER;75108;17 quater rue francois 1er, 75008, Paris;https://www.interparking-france.com/fr-FR/find-parking/ParcFrancois1er/;tous;0;550;0;13;29;59;0;0;29;0;190;69205111300102;2.30564778;48.86736859;tarif_special;4.65;9.3;13.95;18.6;41.85;258.4;323.0;ouvrage;tarif petit rouleur -60 % = contacter le parc,tarif PMR = 2,30 euros;54-E-A;17 QUATER RUE FRANCOIS 1ER;8;INTERPARKING;0147234145;7j / 7;OUI;2025-01-01T01:00:00+00:00;323.0;3230.0;OUI;1292.1;2584.3;NON;;2025-01-01T01:00:00+00:00;1.2;2.35;7.0;32.55;37.2;41.85;41.85;41.85;41.85;161.5;452.0;1615.0;2025-09-01T02:00:00+00:00;161.5;452.0;1615.0;1.6;114.0;316.0;1131.0;10.0;649063.965;6863261.661;7E,7G,8E,8F,8H,16G,16H,16I,16K;0.4;0.8;14.4;OUI;452.2;904.5;NON;;NON;4037.0;NON;;;NON;;;;;"{""coordinates"": [2.3056477825978714, 48.86736858814069], ""type"": ""Point""}";48.86736858814069, 2.3056477825978714
75116-P-082;MOZART;75116;2 quater rue de la cure, 75016, Paris;https://www.saemes.fr/fr/parking/parking-mozart;abonnés;0;11;0;0;0;0;0;0;0;0;190;31703299300741;2.26866284;48.85372239;;;;;;;;304.67;ouvrage;abonnements avec reservation uniquement;82-E-A;2 QUATER RUE DE LA CURE;16;SAEMES;0144829999;POUR ABONNES;OUI;1900-01-01T00:09:21+00:00;;;NON;;;NON;;1900-01-01T00:09:21+00:00;;;;;;;;;;;;;2025-09-01T02:00:00+00:00;;;;;;366.0;1280.0;;646336.859;6861768.824;;;;;NON;;;NON;;NON;3200.0;NON;;;NON;;;;;"{""coordinates"": [2.268662838369935, 48.85372238443481], ""type"": ""Point""}";48.85372238443481, 2.268662838369935
75105-P-070;GAY LUSSAC;75105;45 ter rue gay lussac, 75005, Paris;https://www.saemes.fr/fr/parking/parking-gay-lussac;abonnés;0;65;0;0;0;0;0;0;0;0;195;31703299300741;2.34332861;48.84187546;;;;;;;;187.0;ouvrage;abonnements avec reservation uniquement;70-E-A;45 TER RUE GAY LUSSAC;5;SAEMES;0144829999;POUR ABONNES;NON;1900-01-01T00:09:21+00:00;;;NON;;;NON;;1900-01-01T00:09:21+00:00;;;;;;;;;;;;;2025-09-01T02:00:00+00:00;;;;;;247.0;;;651804.502;6860403.408;;;;;NON;;;NON;;NON;1870.0;NON;;;NON;;;;;"{""coordinates"": [2.3433286110649307, 48.84187545824149], ""type"": ""Point""}";48.84187545824149, 2.3433286110649307
75109-P-113;MILTON;75109;31 ter rue milton, 75009, Paris;https://www.saemes.fr/fr/parking/parking-milton;abonnés;0;0;0;0;0;0;0;0;0;0;190;31703299300741;2.34197019;48.87905983;;;;;;;;;ouvrage;abonnes tres longue duree;113-M-A;31 TER RUE MILTON;9;SAEMES;0144829999;POUR ABONNES;NON;1900-01-01T00:09:21+00:00;;;NON;;;NON;;1900-01-01T00:09:21+00:00;;;;;;;;;;;;;2025-09-01T02:00:00+00:00;;;;;;;;;651739.261;6864538.826;1E,2E,3E,4E,9E,9F,9G,10F,10G;;;;NON;;;NON;;OUI;;NON;;;NON;;;;;"{""coordinates"": [2.3419701895587433, 48.879059833388574], ""type"": ""Point""}";48.879059833388574, 2.3419701895587433
75114-P-051;PORTE D ORLEANS;75114;8 avenue de la porte d orleans, 75014, Paris;https://www.saemes.fr/fr/parking/parking-porte-dorleans;tous;0;657;40;13;2;45;0;2;2;0;185;31703299300741;2.32584893;48.8205466;tarif_special;4.2;8.4;12.6;16.8;37.8;112.0;158.0;ouvrage;autre hauteur = 260 cm,hauteur260 cm niveau -1 seulement autres niveaux 185;51-E-B,51-M-A;8 AVENUE DE LA PORTE D ORLEANS,7 RUE DE LA LEGION ETRANGERE;14;SAEMES;0140520920;7j / 7;OUI;2025-01-01T01:00:00+00:00;158.0;1580.0;NON;;;OUI;1120.0;2025-01-01T01:00:00+00:00;1.05;2.1;6.3;29.4;33.6;37.8;37.8;37.8;37.8;79.0;221.0;790.0;2025-09-01T02:00:00+00:00;91.0;255.0;914.0;1.45;55.0;154.0;553.0;10.0;650501.388 | 650409.816;6858042.696 | 6858079.552;TOUT PARIS;0.4;0.75;13.05;NON;;;OUI;410.0;NON;1980.0;OUI;75.0;112.0;OUI;1.2;90.0;256.0;990.0;"{""coordinates"": [2.3258489319746594, 48.82054659457374], ""type"": ""Point""}";48.82054659457374, 2.3258489319746594
75104-P-010;NOTRE DAME ILE DE LA CITE;75104;1 ter boulevard du palais, 75004, Paris;https://fr.parkindigo.com/parking/paris-75004/lutece-75040700;tous;0;;0;6;0;123;0;2;0;0;190;64202088700419;2.34612474;48.85543438;tarif_special;4.4;8.8;13.2;17.6;39.6;232.0;290.0;ouvrage;tarif petit rouleur -40 % = contacter le parc,tarif PMR = 2,20 euros;10-E-A;1 TER BOULEVARD DU PALAIS;4;INDIGO;0140469561;7j / 7;PREVU;2025-05-01T02:00:00+00:00;290.0;3016.0;OUI;1809.0;2412.0;NON;;2025-02-01T01:00:00+00:00;1.1;2.2;6.6;30.8;35.2;39.6;39.6;39.6;39.6;145.0;411.0;1508.0;2025-09-01T02:00:00+00:00;145.0;411.0;1508.0;1.5;101.0;288.0;1055.0;10.0;652022.2;6861909.327;1E,4E,5G,5H,5J,6E,34F;0.4;0.8;13.5;OUI;633.0;844.0;NON;;NON;3770.0;NON;;;OUI;1.2;90.0;256.0;990.0;"{""coordinates"": [2.346124739830171, 48.85543437984084], ""type"": ""Point""}";48.85543437984084, 2.346124739830171
75110-P-126;RECOLLETS;75110;3 ter passage des recollets, 75010, Paris;https://www.saemes.fr/fr/parking/parking-recollets;abonnés;0;47;0;2;0;0;0;1;0;0;200;31703299300741;2.35911877;48.87418354;;;;;;;;195.0;ouvrage;;126-M-A;3 TER PASSAGE DES RECOLLETS;10;SAEMES;0144829999;POUR ABONNES;OUI;1900-01-01T00:09:21+00:00;195.0;1950.0;NON;;;NON;;1900-01-01T00:09:21+00:00;;;;;;;;;;;;;2025-09-01T02:00:00+00:00;;;;;98.0;268.0;980.0;;652992.531;6863986.27;;;;;NON;;;NON;;NON;3510.0;NON;;;NON;;;;;"{""coordinates"": [2.3591187731615935, 48.87418353879623], ""type"": ""Point""}";48.87418353879623, 2.3591187731615935
75110-P-028;MAGENTA GARE DE L EST;75110;8 ter square alban satragne, 75010, Paris;https://fr.parkindigo.com/parking/paris-75010/alban-satragne-magenta-75100900;tous;0;681;0;16;342;116;9;14;335;0;190;64202088700419;2.35529967;48.8756675;tarif_special;4.9;9.8;14.7;19.6;44.1;190.0;279.0;ouvrage;tarif PMR = 2,45 euros;28-E-A;8 TER SQUARE ALBAN SATRAGNE;10;INDIGO;0141720255;7j / 7;OUI;2025-05-01T02:00:00+00:00;279.0;2901.0;NON;;;OUI;1976.0;2025-02-01T01:00:00+00:00;1.25;2.5;7.4;34.3;39.2;44.1;44.1;44.1;44.1;0.0;0.0;0.0;2025-09-01T02:00:00+00:00;195.0;555.0;2030.0;1.7;97.0;276.0;1015.0;10.0;652713.76;6864153.557;10E,10F,10G;0.45;0.9;15.3;NON;;;OUI;691.0;NON;3626.0;NON;;190.0;OUI;1.2;90.0;256.0;990.0;"{""coordinates"": [2.3552996671955273, 48.87566750305739], ""type"": ""Point""}";48.87566750305739, 2.3552996671955273
75103-P-044;SAINT MARTIN;75103;245 ter rue saint martin, 75003, Paris;https://fr.parkindigo.com/parking/paris-75003/saint-martin-75030100;tous;0;454;0;4;0;0;0;0;0;0;190;33835412900045;2.35360268;48.86588384;tarif_special;5.4;10.8;16.2;21.6;48.6;160.0;339.0;ouvrage;tarif PMR = 2,70 euros;44-E-A;245 TER RUE SAINT MARTIN;3;INDIGO;0141720255;7j / 7;OUI, MAIS TRAVAUX D'ACCESSIBILITE AUX HANDICAPES A;2025-06-09T02:00:00+00:00;339.0;3560.0;NON;;;OUI;1600.0;2025-06-09T02:00:00+00:00;1.35;2.7;8.1;37.8;43.2;48.6;48.6;48.6;48.6;0.0;0.0;0.0;2025-09-01T02:00:00+00:00;237.0;675.0;2489.0;1.85;119.0;339.0;1250.0;10.0;652580.39;6863066.702;1E,2E,3E,4E,10F,34F,11G;0.5;0.95;16.65;NON;;;OUI;560.0;NON;4452.0;NON;;160.0;OUI;1.2;90.0;256.0;990.0;"{""coordinates"": [2.3536026833460513, 48.865883835077064], ""type"": ""Point""}";48.865883835077064, 2.3536026833460513
75116-P-074;GROS BOULAINVILLIERS;75116;15 ter rue de boulainvilliers, 75016, Paris;https://www.saemes.fr/fr/parking/parking-gros-boulainvilliers;abonnés;0;82;0;1;3;24;0;0;3;0;195;31703299300741;2.27603512;48.85251507;tarif_special;;;;;;164.0;222.0;ouvrage;;74-E-A;15 TER RUE DE BOULAINVILLIERS;16;SAEMES;0144826800;POUR ABONNES;NON;1900-01-01T00:09:21+00:00;222.0;2220.0;NON;;;OUI;1640.0;1900-01-01T00:09:21+00:00;;;;;;;;;;0.0;0.0;0.0;2025-09-01T02:00:00+00:00;111.0;311.0;1110.0;;77.0;218.0;770.0;10.0;646876.567;6861629.598;16P,16T;;;;NON;;;OUI;570.0;NON;2770.0;NON;;164.0;OUI;;70.0;199.0;770.0;"{""coordinates"": [2.276035120257929, 48.85251507229949], ""type"": ""Point""}";48.85251507229949, 2.276035120257929
75106-P-081;ANDRE HONNORAT;75106;8 bis rue auguste comte, 75006, Paris;https://fr.parkindigo.com/parking/paris-75006/andre-honnorat-75061700;abonnés;0;6;0;0;0;0;0;0;0;0;190;64202088700419;2.33797566;48.84422067;;;;;;;;220.0;ouvrage;;81-E-A;8 BIS RUE AUGUSTE COMTE;6;INDIGO;0140469561;POUR ABONNES;NON;1900-01-01T00:09:21+00:00;220.0;2200.0;NON;;;NON;;1900-01-01T00:09:21+00:00;;;;;;;;;;;;;2025-09-01T02:00:00+00:00;;;;;150.0;427.5;1500.0;;651413.825;6860667.452;;;;;NON;;;NON;;NON;3600.0;NON;;;OUI;;90.0;256.0;990.0;"{""coordinates"": [2.337975660658169, 48.844220669513405], ""type"": ""Point""}";48.844220669513405, 2.337975660658169
75107-P-075;CHAMPAGNY;75107;15 m rue casimir perier, 75007, Paris;https://www.saemes.fr/fr/parking/parking-champagny;abonnés;0;81;0;0;0;0;0;0;0;0;190;31703299300741;2.3193649;48.85807027;;;;;;;;345.67;ouvrage;abonnements avec reservation uniquement;75-E-A;15 M RUE CASIMIR PERIER;7;SAEMES;0144829999;POUR ABONNES;NON;1900-01-01T00:09:21+00:00;;;NON;;;NON;;1900-01-01T00:09:21+00:00;;;;;;;;;;;;;2025-09-01T02:00:00+00:00;;;;;;;;;650061.283;6862219.006;;;;;NON;;;NON;;NON;3840.0;NON;;;NON;;;;;"{""coordinates"": [2.319364900245522, 48.858070269634204], ""type"": ""Point""}";48.858070269634204, 2.319364900245522
75117-P-035;PORTE DE CHAMPERRET;75117;6 ter avenue de la porte de champerret, 75017, Paris;https://www.saemes.fr/fr/parking/parking-porte-de-champerret;tous;0;1463;100;31;6;5;0;3;6;0;190;30464607800481;2.28784794;48.88630953;;0.0;0.0;0.0;0.0;0.0;119.0;170.0;ouvrage;;35-E-A,35-E-B;6 TER AVENUE DE LA PORTE DE CHAMPERRET,10 BOULEVARD DE L YSER;17;SAEMES;0141720270;7j / 7;OUI;2024-04-01T02:00:00+00:00;170.0;1768.0;NON;;;OUI;1237.0;2025-03-30T01:00:00+00:00;0.0;0.0;0.0;0.0;0.0;0.0;0.0;0.0;0.0;;;;2025-09-01T02:00:00+00:00;119.0;336.0;1237.0;;85.0;240.0;884.0;10.0;647777.241 | 647759.302;6865379.381 | 6865240.448;17E,17F,17G,17H,17L,17M,17N;;;;NON;;;OUI;618.0;NON;2210.0;OUI;75.0;119.0;NON;;;;;"{""coordinates"": [2.2878479439128463, 48.88630952629435], ""type"": ""Point""}";48.88630952629435, 2.2878479439128463
75105-P-009;POLYTECHNIQUE;75105;13 ter rue jacques henri lartigue, 75005, Paris;https://www.saemes.fr/fr/parking/parking-polytechnique;abonnés;0;195;0;0;0;0;0;0;0;0;190;31703299300741;2.35100115;48.84701415;;;;;;;;255.0;ouvrage;abonnements avec reservation uniquement;9-E-A;13 TER RUE JACQUES HENRI LARTIGUE;5;SAEMES;0144829999;POUR ABONNES;NON;1900-01-01T00:09:21+00:00;;;NON;;;NON;;1900-01-01T00:09:21+00:00;;;;;;;;;;;;;2025-09-01T02:00:00+00:00;;;;;102.0;301.0;1035.0;;652372.301;6860970.124;;;;;NON;;;NON;;NON;2588.0;NON;;;NON;;;;;"{""coordinates"": [2.3510011500538286, 48.84701415261779], ""type"": ""Point""}";48.84701415261779, 2.3510011500538286
75117-P-079;PEREIRE;75117;211 m boulevard pereire, 75017, Paris;https://www.saemes.fr/fr/parking/parking-pereire;abonnés;0;145;0;0;0;0;0;0;0;0;200;31703299300741;2.29020357;48.88102649;;;;;;;;215.0;ouvrage;;79-E-A;211 M BOULEVARD PEREIRE;17;SAEMES;0144829999;POUR ABONNES;NON;1900-01-01T00:09:21+00:00;215.0;2150.0;NON;;;NON;;1900-01-01T00:09:21+00:00;;;;;;;;;;;;;2025-09-01T02:00:00+00:00;;;;;;358.0;1325.0;;647944.696;6864790.388;;;;;NON;;;NON;;NON;3141.0;NON;;;NON;;;;;"{""coordinates"": [2.290203571278933, 48.88102649263222], ""type"": ""Point""}";48.88102649263222, 2.290203571278933
75117-P-072;MAIRIE DU 17 EME;75117;20 rue des batignolles, 75017, Paris;https://www.saemes.fr/fr/parking/parking-mairie-du-17eme;tous;0;281;0;7;3;72;0;3;3;0;180;31703299300741;2.32145852;48.88469716;;4.6;9.2;13.8;18.4;41.4;;253.0;ouvrage;;72-M-A;20 RUE DES BATIGNOLLES;17;SAEMES;0153043010;7j / 7;OUI;2025-01-01T01:00:00+00:00;253.0;2530.0;NON;;;NON;;2025-01-01T01:00:00+00:00;1.15;2.3;6.9;32.2;36.8;41.4;41.4;41.4;41.4;;;;2025-09-01T02:00:00+00:00;;;;1.6;101.0;273.0;1010.0;10.0;650240.332;6865178.391;;0.4;0.8;14.4;NON;;;OUI;800.0;NON;3160.0;NON;;;NON;;;;;"{""coordinates"": [2.3214585157403795, 48.88469715436101], ""type"": ""Point""}";48.88469715436101, 2.3214585157403795
75108-P-020;GEORGE V;75108;113 avenue des champs elysees, 75008, Paris;https://www.saemes.fr/fr/parking/parking-george-v;tous;0;1117;0;23;29;68;0;6;26;0;190;64202088700419;2.29949965;48.87215419;tarif_special;0.0;0.0;0.0;0.0;0.0;195.0;287.0;ouvrage;;20-E-A,20-E-B;113 AVENUE DES CHAMPS ELYSEES,32 TER AVENUE GEORGE V;8;SAEMES;0141720261;7j / 7;OUI;2025-05-01T02:00:00+00:00;287.0;2984.0;NON;;;OUI;2028.0;2025-08-02T02:00:00+00:00;0.0;0.0;0.0;0.0;0.0;0.0;0.0;0.0;0.0;0.0;0.0;0.0;2025-09-01T02:00:00+00:00;201.0;573.0;2090.0;;100.0;285.0;1040.0;10.0;648617.685 | 648743.295;6863797.765 | 6863413.794;8E,8F,8G,8H,8J,16E,16F,16G,16H,16I,16J,17E;;;;NON;;;OUI;728.0;NON;3879.0;NON;;195.0;OUI;1.2;90.0;256.0;990.0;"{""coordinates"": [2.299499649255174, 48.87215419037467], ""type"": ""Point""}";48.87215419037467, 2.299499649255174
75106-P-139;SAINT MICHEL;75106;5 place saint andre des arts, 75006, Paris;https://fr.parkindigo.com/parking/paris-75005/place-saint-michel-75050200;tous;0;333;0;7;10;4;0;0;10;0;190;34308274900072;2.34332133;48.85292358;tarif_special;5.4;10.8;16.2;21.6;48.6;311.0;389.0;ouvrage;tarif petit rouleur -40 % = contacter le parc,tarif PMR = 2,70 euros;139-M-A;5 PLACE SAINT ANDRE DES ARTS;6;INDIGO;0156244432;7j / 7;OUI;2025-04-01T02:00:00+00:00;389.0;4045.0;OUI;2427.0;3236.0;NON;;2024-01-01T01:00:00+00:00;1.35;2.7;8.1;37.8;43.2;48.6;48.6;48.6;48.6;194.0;552.0;2022.0;2025-09-01T02:00:00+00:00;194.0;552.0;2022.0;1.85;136.0;387.0;1415.0;10.0;651814.184;6861631.856;5H,5J,6E,6G;0.5;0.95;16.65;OUI;849.0;1132.0;NON;;NON;5056.0;NON;;;OUI;1.2;90.0;256.0;990.0;"{""coordinates"": [2.343321329762181, 48.852923581339105], ""type"": ""Point""}";48.852923581339105, 2.343321329762181
75118-P-068;FIRMIN GEMIER;75118;5 ter rue firmin gemier, 75018, Paris;https://www.sags-parking.fr/parking/165/paris-firmin-gemier;abonnés;0;111;0;3;9;25;5;0;5;0;195;38933781700065;2.3301107;48.89477662;tarif_special;;;;;;108.35;216.7;ouvrage;0;68-M-A;5 TER RUE FIRMIN GEMIER;18;SAGS;0385204315;POUR ABONNES;NON;1900-01-01T00:09:21+00:00;216.7;2167.0;NON;;;OUI;1083.5;1900-01-01T00:09:21+00:00;;;;;;;;;;0.0;0.0;0.0;2025-09-01T02:00:00+00:00;169.4;457.2;1693.3;;75.845;204.7815;758.45;10.0;650884.318;6866293.753;17S,17U,18E,18P,18R;;;;NON;;;OUI;379.225;NON;2708.75;NON;;108.35;OUI;;70.0;199.0;770.0;"{""coordinates"": [2.330110697382451, 48.894776619487125], ""type"": ""Point""}";48.894776619487125, 2.330110697382451
75101-P-006;VENDOME;75101;26 ter place vendome, 75001, Paris;https://fr.parkindigo.com/parking/paris-75001/vendome-75010800;tous;0;475;0;27;54;30;0;0;54;0;190;69200935000046;2.33000068;48.86783544;;5.75;11.5;17.25;23.0;51.75;240.0;344.0;ouvrage;;6-E-A;26 TER PLACE VENDOME;1;INDIGO;0142605000;7j / 7;OUI (ÉLÉVATEUR);2025-04-01T02:00:00+00:00;344.0;3577.0;NON;;;OUI;2503.0;2025-01-01T01:00:00+00:00;1.45;2.9;8.65;40.25;46.0;51.75;51.75;51.75;51.75;;;;2025-09-01T02:00:00+00:00;172.0;489.0;1788.0;2.0;120.0;342.0;1251.0;10.0;650850.833;6863298.137;1E,2E,6E,7L,8E,8H,8K,9G;0.5;1.0;18.0;NON;;;NON;;NON;4471.0;NON;;240.0;OUI;1.2;90.0;256.0;990.0;"{""coordinates"": [2.330000683819362, 48.867835435647685], ""type"": ""Point""}";48.867835435647685, 2.330000683819362
75105-P-133;CASERNE MONGE;75105;17 ter rue gracieuse, 75005, Paris;https://www.saemes.fr/fr/parking/parking-monge;abonnés;0;163;0;7;0;0;0;0;0;0;190;31703299300741;2.35141587;48.84253826;tarif_special;;;;;;;225.0;ouvrage;;133-E-A;17 TER RUE GRACIEUSE;5;SAEMES;0144829999;POUR ABONNES;NON;1900-01-01T00:09:21+00:00;225.0;2250.0;NON;;;NON;;1900-01-01T00:09:21+00:00;;;;;;;;;;126.0;;;2025-09-01T02:00:00+00:00;;;;;112.0;312.0;1124.0;;652398.647;6860472.199;;;;;NON;;;NON;;NON;2810.0;NON;;;NON;;;;;"{""coordinates"": [2.3514158670409437, 48.842538259349894], ""type"": ""Point""}";48.842538259349894, 2.3514158670409437
75117-P-108;JOUFFROY D ABBANS;75117;6 ter rue jouffroy d abbans, 75017, Paris;?;abonnés;0;0;0;0;0;0;0;0;0;0;190;72205418600035;2.31320136;48.88716223;;;;;;;;;ouvrage;abonnes tres longue duree;108-E-A;6 TER RUE JOUFFROY D ABBANS;17;SAEMES;0141720270;POUR ABONNES;NON;1900-01-01T00:09:21+00:00;;;NON;;;NON;;1900-01-01T00:09:21+00:00;;;;;;;;;;;;;2025-09-01T02:00:00+00:00;;;;;;;;;649637.207;6865457.727;;;;;NON;;;NON;;OUI;;NON;;;NON;;;;;"{""coordinates"": [2.313201359289934, 48.8871622292046], ""type"": ""Point""}";48.8871622292046, 2.313201359289934
75115-P-157;FREMICOURT;75115;13 ter rue fremicourt, 75015, Paris;https://fr.parkindigo.com/parking/paris-75015/fremicourt-75150700;abonnés;0;195;0;5;2;23;0;0;2;0;190;72204380902362;2.29739674;48.84734233;tarif_special;;;;;;202.4;253.0;ouvrage;tarif petit rouleur -40 % = contacter le parc;157-E-A;13 TER RUE FREMICOURT;15;INDIGO;0145484330;POUR ABONNES;OUI;1900-01-01T00:09:21+00:00;253.0;2631.0;OUI;1578.6;2104.8;NON;;1900-01-01T00:09:21+00:00;;;;;;;;;;126.0;360.0;1315.0;2025-09-01T02:00:00+00:00;126.0;360.0;1315.0;;88.0;249.0;917.0;10.0;648438.89;6861040.282;15E,15F,15G,15K,15L,15M,15P;;;;NON;;;NON;;NON;3275.0;NON;;;OUI;0.8;70.0;199.0;770.0;"{""coordinates"": [2.2973967390766177, 48.84734233294499], ""type"": ""Point""}";48.84734233294499, 2.2973967390766177
75113-P-119;CHARLETY THOMIRE;75113;2 rue thomire, 75013, Paris;https://www.saemes.fr/fr/parking/parking-charlety-thomire;abonnés;0;883;0;26;0;0;0;0;0;0;190;31703299300741;2.34815367;48.81978937;;;;;;;;;ouvrage;;119-M-A;2 RUE THOMIRE;13;SAEMES;0144829999;POUR ABONNES;OUI;1900-01-01T00:09:21+00:00;;;NON;;;NON;;1900-01-01T00:09:21+00:00;;;;;;;;;;;;;2025-09-01T02:00:00+00:00;;;;;;;;;652138.35;6857944.751;13E,13F,13G,13M,13N;;;;NON;;;NON;;NON;;NON;;;NON;;;;;"{""coordinates"": [2.3481536737525515, 48.819789367241626], ""type"": ""Point""}";48.819789367241626, 2.3481536737525515
75109-P-018;MEYERBEER (OPERA);75109;2 ter rue de la chaussee d antin, 75009, Paris;https://www.sags-parking.fr/parking/68/paris-meyerbeer-opera;tous;0;520;0;12;82;123;15;6;76;0;190;31703299300741;2.33405582;48.87135174;tarif_special;4.7;9.4;14.1;18.8;42.3;159.0;318.0;ouvrage;tarif PMR = 2,35 euros;18-E-A;2 TER RUE DE LA CHAUSSEE D ANTIN;9;SAGS;0186221858;7j / 7;OUI;2025-01-01T01:00:00+00:00;318.0;3180.0;NON;;;OUI;1590.0;2025-01-01T01:00:00+00:00;1.2;2.4;7.1;32.9;37.6;42.3;42.3;42.3;42.3;0.0;0.0;0.0;2025-09-01T02:00:00+00:00;257.3;733.3;2573.0;1.6;111.3;317.2;1113.0;10.0;651151.596;6863686.607;1E,2E,9E,9F,9G;0.4;0.8;14.4;NON;;;OUI;556.0;NON;3975.0;NON;;159.0;OUI;1.2;90.0;256.0;990.0;"{""coordinates"": [2.334055816625868, 48.87135174212154], ""type"": ""Point""}";48.87135174212154, 2.334055816625868
75104-P-025;LOBAU;75104;2 quater rue de lobau, 75004, Paris;https://www.sags-parking.fr/parking/66/paris-lobau-marais-hotel-de-ville;tous;0;726;0;17;192;118;4;1;186;0;190;38933781700065;2.35340985;48.85610166;tarif_special;4.85;9.7;14.55;19.4;43.65;177.3;286.0;ouvrage;tarif PMR = 2,40 euros;25-E-A,25-E-B;2 QUATER RUE DE LOBAU,5 TER RUE DE LOBAU;4;SAGS;0142778853;7j / 7;OUI;2025-01-01T01:00:00+00:00;286.0;2860.0;NON;;;OUI;1773.0;2025-08-01T02:00:00+00:00;1.25;2.45;7.3;33.95;38.8;43.65;43.65;43.65;43.65;0.0;0.0;0.0;2025-09-01T02:00:00+00:00;226.7;634.6;2266.2;1.65;100.1;280.2;1001.0;10.0;652557.337 | 652567.259;6861979.121 | 6862058.364;1E,2E,3E,4E,5G,5J,6E,11G,34F;0.45;0.85;14.85;NON;;;OUI;619.0;NON;3575.0;NON;;177.3;OUI;1.2;90.0;256.0;990.0;"{""coordinates"": [2.3534098472209912, 48.85610166098035], ""type"": ""Point""}";48.85610166098035, 2.3534098472209912
75110-P-130;FRANZ LISZT;75110;32 ter rue des petits hotels, 75010, Paris;https://fr.parkindigo.com/parking/paris-75010/franz-liszt-75100300;tous;0;236;0;5;0;0;0;0;0;0;190;30464607800481;2.35265508;48.87756471;tarif_special;5.3;10.6;15.9;21.2;47.7;;275.0;ouvrage;;130-E-A;32 TER RUE DES PETITS HOTELS;10;INDIGO;0141720255;7j / 7;OUI;2025-04-01T02:00:00+00:00;275.0;2860.0;NON;;;NON;;2025-01-01T01:00:00+00:00;1.35;2.7;8.0;37.1;42.4;47.7;47.7;47.7;47.7;0.0;0.0;0.0;2025-09-01T02:00:00+00:00;192.0;546.0;2002.0;;96.0;273.0;1001.0;10.0;652521.524;6864366.101;;;;;NON;;;NON;;NON;3575.0;NON;;;OUI;1.2;90.0;256.0;990.0;"{""coordinates"": [2.3526550836173907, 48.877564713407246], ""type"": ""Point""}";48.877564713407246, 2.3526550836173907
75116-P-138;VERSAILLES REYNAUD;75116;178 ter avenue de versailles, 75016, Paris;https://fr.parkindigo.com/parking/paris-75016/versailles-reynaud-75160900;tous;0;242;0;5;14;0;0;0;14;0;190;69200653900138;2.26260484;48.83966022;;5.5;11.0;16.5;22.0;0.0;;243.0;ouvrage;;138-E-A;178 TER AVENUE DE VERSAILLES;16;INDIGO;0145484330;7j / 7;OUI;2025-04-01T02:00:00+00:00;243.0;2527.0;NON;;;NON;;2025-01-01T01:00:00+00:00;1.4;2.8;8.3;38.5;44.0;49.5;0.0;0.0;0.0;;;;2025-09-01T02:00:00+00:00;;;;1.9;102.0;291.0;1060.0;;645877.754;6860209.397;;0.5;1.0;17.1;NON;;;NON;;NON;3158.0;NON;;;OUI;0.8;70.0;199.0;770.0;"{""coordinates"": [2.2626048421738476, 48.839660214386925], ""type"": ""Point""}";48.839660214386925, 2.2626048421738476
75108-P-125;CHAMPS ELYSEES PIERRE CHARRON;75108;67 ter rue pierre charron, 75008, Paris;https://fr.parkindigo.com/parking/paris-75008/pierre-charron-champs-elysees-75081900;tous;0;361;0;8;19;80;0;0;19;0;195;39342218300045;2.30459026;48.87021579;tarif_special;5.7;11.4;17.1;22.8;51.3;258.0;323.0;ouvrage;tarif petit rouleur -40 % = contacter le parc,tarif PMR = 2,85 euros;125-E-A;67 TER RUE PIERRE CHARRON;8;INDIGO;0141720261;7j / 7;OUI;2025-04-01T02:00:00+00:00;323.0;3359.0;OUI;2015.25;2687.0;NON;;2025-01-01T01:00:00+00:00;1.45;2.9;8.6;39.9;45.6;51.3;51.3;51.3;51.3;161.0;459.0;1679.0;2025-09-01T02:00:00+00:00;161.0;459.0;1679.0;1.95;113.0;321.0;1175.0;10.0;648989.178;6863578.929;7E,7G,8E,8F,8H,16G,16H,16I,16K;0.5;1.0;17.55;OUI;705.0;940.0;NON;;NON;6724.0;NON;;;OUI;1.2;90.0;256.0;990.0;"{""coordinates"": [2.3045902622131673, 48.8702157850909], ""type"": ""Point""}";48.8702157850909, 2.3045902622131673
75107-P-155;SEVRES BABYLONE;75107;1 bis rue de babylone, 75007, Paris;https://fr.parkindigo.com/parking/paris-75007/sevres-babylone-75071100;tous;0;862;0;18;47;137;5;0;47;0;190;30464607800481;2.32495873;48.8515934;tarif_special;5.1;10.2;15.3;20.4;45.9;248.0;331.0;ouvrage;tarif petit rouleur -44 % = contacter le parc,tarif PMR = 2,55 euros;155-M-A;1 BIS RUE DE BABYLONE;7;INDIGO;0145484330;7j / 7;OUI;2025-05-01T02:00:00+00:00;331.0;3442.0;OUI;1935.75;2581.0;NON;;2025-02-01T01:00:00+00:00;1.3;2.6;7.7;35.7;40.8;45.9;45.9;45.9;45.9;165.0;471.0;1721.0;2025-09-01T02:00:00+00:00;165.0;471.0;1721.0;1.75;115.0;327.0;1204.0;10.0;650465.54;6861495.314;6E,6F,7L,7M,7N;0.45;0.9;15.75;OUI;676.5;902.0;NON;;NON;4302.0;NON;;;OUI;1.2;90.0;256.0;990.0;"{""coordinates"": [2.3249587337003255, 48.85159339414594], ""type"": ""Point""}";48.85159339414594, 2.3249587337003255
75110-P-131;EURONORD LARIBOISIERE;75110;10 ter rue ambroise pare, 75010, Paris;https://fr.parkindigo.com/parking/paris-75010/euronord-lariboisiere-75100400;tous;0;461;0;10;0;6;0;0;0;0;190;33979635100072;2.35217631;48.88204018;tarif_special;5.3;10.6;15.9;21.2;47.7;195.0;244.0;ouvrage;tarif petit rouleur -40 % = contacter le parc,tarif PMR = 2,65 euros;131-E-A;10 TER RUE AMBROISE PARE;10;INDIGO;0141720255;7j / 7;OUI;2025-04-01T02:00:00+00:00;244.0;2537.0;OUI;1521.75;2029.0;NON;;2025-01-01T01:00:00+00:00;1.35;2.7;8.0;37.1;42.4;47.7;47.7;47.7;47.7;122.0;348.0;1268.0;2025-09-01T02:00:00+00:00;122.0;348.0;1268.0;1.85;85.0;243.0;887.0;10.0;652490.493;6864864.032;10E,10F,10G,19E,19F,19G,19H,19J,19K,19L,19M,19N,19P;0.5;0.95;16.65;OUI;531.75;709.0;NON;;NON;3171.0;NON;;;OUI;1.2;90.0;256.0;990.0;"{""coordinates"": [2.352176313316776, 48.882040177817316], ""type"": ""Point""}";48.882040177817316, 2.352176313316776
75118-P-038;PORTE DE CLIGNANCOURT;75118;20 ter avenue de la porte de clignancourt, 75018, Paris;https://www.sags-parking.fr/parking/166/paris-porte-de-clignancourt;tous;0;522;0;13;4;20;0;0;4;0;190;38933781700065;2.34452756;48.89960751;tarif_special;4.0;8.0;12.0;16.0;36.0;100.5;145.0;ouvrage;tarif PMR = 2,00 euros;38-E-A;20 TER AVENUE DE LA PORTE DE CLIGNANCOURT;18;SAGS;0142640382;7j / 7;OUI;2025-01-01T01:00:00+00:00;145.0;1450.0;NON;;;OUI;1005.0;2024-05-01T02:00:00+00:00;1.0;2.0;6.0;28.0;32.0;36.0;36.0;36.0;36.0;72.5;203.0;725.0;2025-09-01T02:00:00+00:00;110.1;308.2;1100.6;1.4;50.8;142.2;508.0;10.0;651945.784;6866822.054;18E,18F,18G,18H,18J,18K,18L,18M,18N,18P,18R,18S,18T;0.35;0.7;12.6;NON;;;OUI;352.0;NON;1812.0;NON;;100.5;OUI;0.8;70.0;199.0;770.0;"{""coordinates"": [2.344527559001447, 48.899607507984825], ""type"": ""Point""}";48.899607507984825, 2.344527559001447
75106-P-003;ODEON;75106;8 ter rue de l ecole de medecine, 75006, Paris;https://fr.parkindigo.com/parking/paris-75006/odeon-75061600;tous;0;276;0;6;0;15;8;0;0;0;190;64202088700419;2.34112092;48.85096233;tarif_special;4.6;9.2;13.8;18.4;41.4;170.0;320.0;ouvrage;tarif PMR = 2,30 euros;3-E-A;8 TER RUE DE L ECOLE DE MEDECINE;6;INDIGO;0140469561;7j / 7;OUI;2024-01-01T01:00:00+00:00;320.0;3200.0;NON;;;OUI;1700.0;2022-10-01T02:00:00+00:00;1.15;2.3;6.9;32.2;36.8;41.4;41.4;41.4;41.4;0.0;0.0;0.0;2025-09-01T02:00:00+00:00;240.0;684.0;2400.0;1.6;96.0;273.6;960.0;10.0;651650.906;6861415.128;4E,5E,5F,5G,5H,5J,6E,6F,6G,7L,7M;0.4;0.8;14.4;NON;;;OUI;595.0;NON;3840.0;NON;;170.0;OUI;1.2;90.0;256.0;990.0;"{""coordinates"": [2.3411209169681033, 48.85096232856644], ""type"": ""Point""}";48.85096232856644, 2.3411209169681033
75105-P-076;PATRIARCHES;75105;42 ter rue daubenton, 75005, Paris;https://fr.parkindigo.com/parking/paris-75005/patriarches-75050300;tous;0;317;0;7;16;105;0;0;16;0;190;50472714000056;2.3508884;48.84034371;tarif_special;5.0;10.0;15.0;20.0;45.0;260.0;325.0;ouvrage;tarif petit rouleur -40 % = contacter le parc,tarif PMR = 2,50 euros;76-E-A;42 TER RUE DAUBENTON;5;INDIGO;0143374353;7j / 7;OUI;2025-05-01T02:00:00+00:00;325.0;3380.0;OUI;2028.0;2704.0;NON;;2024-02-01T01:00:00+00:00;1.25;2.5;7.5;35.0;40.0;45.0;45.0;45.0;45.0;162.0;462.0;1690.0;2025-09-01T02:00:00+00:00;162.0;462.0;1690.0;1.75;113.0;321.0;1183.0;10.0;652357.93;6860228.506;5E,5F,5G,5H,5J,6E,6G,13H,13J,13K,14P;0.45;0.9;15.75;OUI;709.5;946.0;NON;;NON;4225.0;NON;;;OUI;1.2;90.0;256.0;990.0;"{""coordinates"": [2.3508884042109233, 48.84034371247259], ""type"": ""Point""}";48.84034371247259, 2.3508884042109233
75107-P-071;GOURAUD;75107;5 avenue emile pouvillon, 75007, Paris;https://www.saemes.fr/fr/parking/parking-gouraud;abonnés;0;0;0;0;0;0;0;0;0;0;190;31703299300741;2.29913416;48.85745971;;;;;;;;;ouvrage;abonnes tres longue duree;71-E-A;5 AVENUE EMILE POUVILLON;7;SAEMES;0145484330;POUR ABONNES;NON;1900-01-01T00:09:21+00:00;;;NON;;;NON;;1900-01-01T00:09:21+00:00;;;;;;;;;;;;;2025-09-01T02:00:00+00:00;;;;;;;;;648576.374;6862164.102;7E,7F,7G,7J,15E;;;;NON;;;NON;;OUI;;NON;;;NON;;;;;"{""coordinates"": [2.2991341604743316, 48.857459708094616], ""type"": ""Point""}";48.857459708094616, 2.2991341604743316
75116-P-162;JEAN BOUIN;75116;17 rue nungesser et coli, 75016, Paris;https://www.saemes.fr/fr/parking/parking-jean-bouin;tous;0;483;0;12;25;15;0;0;25;0;190;31703299300741;2.25210919;48.84430241;tarif_special;4.3;8.6;12.9;17.2;38.7;135.0;169.0;ouvrage;tarif petit rouleur -40 % = contacter le parc;162-M-A;17 RUE NUNGESSER ET COLI;16;SAEMES;0146519018;7j / 7;OUI;2025-01-01T01:00:00+00:00;169.0;1690.0;OUI;1012.0;1350.0;NON;;2025-01-01T01:00:00+00:00;1.1;2.2;6.5;30.1;34.4;38.7;38.7;38.7;38.7;84.0;239.0;840.0;2025-09-01T02:00:00+00:00;143.0;405.0;1430.0;1.5;59.0;168.0;590.0;11.0;645112.321;6860732.801;16R,16S,16T,16U,16V,16W,16X,16Y,16Z,+ riverains rue Ningesser et Coli de Boulogne;0.4;0.8;13.5;OUI;350.0;470.0;NON;;NON;2110.0;NON;;;OUI;0.8;70.0;199.0;770.0;"{""coordinates"": [2.252109185193919, 48.84430240843255], ""type"": ""Point""}";48.84430240843255, 2.252109185193919
75108-P-002;MALESHERBES ANJOU;75108;20 ter boulevard malesherbes, 75008, Paris;https://www.sags-parking.fr/parking/67/paris-malesherbes-anjou;tous;0;846;0;12;29;117;3;0;29;0;190;38933781700065;2.32170183;48.87250966;tarif_special;5.3;10.6;15.9;21.2;47.7;206.5;332.0;ouvrage;tarif PMR = 2,65 euros;2-E-A,2-E-B;20 TER BOULEVARD MALESHERBES,35 TER BOULEVARD MALESHERBES;8;SAGS;0142650611;7j / 7;NON;2025-01-01T01:00:00+00:00;332.0;3320.0;NON;;;OUI;1940.0;2025-08-01T02:00:00+00:00;1.35;2.7;8.0;37.1;42.4;47.7;47.7;47.7;47.7;0.0;0.0;0.0;2025-09-01T02:00:00+00:00;276.9;775.3;2768.7;1.85;116.2;325.36;1162.0;10.0;650246.533 | 650190.044;6863823.072 | 6863891.07;1E,2E,8H,8J,8K,8L;0.5;0.95;16.65;NON;;;OUI;722.0;NON;4150.0;NON;;206.5;OUI;1.2;90.0;256.0;990.0;"{""coordinates"": [2.321701826579308, 48.872509658750424], ""type"": ""Point""}";48.872509658750424, 2.321701826579308
75101-P-008;LES HALLES ST EUSTACHE;75101;22 rue des halles, 75001, Paris;https://www.saemes.fr/fr/parking/parking-les-halles-st-eustache;tous;0;253;0;6;2;52;0;6;2;0;185;31703299300741;2.34596398;48.86068216;tarif_special;4.8;9.6;14.4;19.2;43.2;232.0;290.0;ouvrage;tarif petit rouleur -40 % = contacter le parc,tarif PMR = 2,40 euros;8-E-A;22 RUE DES HALLES;1;SAEMES;0142365737;7j / 7;OUI;2025-01-01T01:00:00+00:00;290.0;2900.0;OUI;1740.0;2320.0;NON;;2025-01-01T01:00:00+00:00;1.2;2.4;7.2;33.6;38.4;43.2;43.2;43.2;43.2;145.0;401.0;1450.0;2025-09-01T02:00:00+00:00;145.0;401.0;1450.0;1.65;101.0;281.0;1010.0;18.0;652015.238;6862492.932;TROIS PREMIERS ARRONDISSEMENTS;0.45;0.85;14.85;OUI;607.0;810.0;NON;;NON;3620.0;NON;;;OUI;1.2;90.0;256.0;990.0;"{""coordinates"": [2.3459639824912317, 48.86068215617949], ""type"": ""Point""}";48.86068215617949, 2.3459639824912317
75115-P-021;MAIRIE DU 15 EME LECOURBE;75115;147 rue lecourbe, 75015, Paris;https://www.saemes.fr/fr/parking/parking-mairie-du-15eme-lecourbe;tous;0;189;0;6;3;20;8;0;3;0;190;31703299300741;2.29956743;48.84162434;tarif_special;4.6;9.2;13.8;18.4;41.4;202.0;253.0;ouvrage;tarif petit rouleur -40 % = contacter le parc;21-E-A;147 RUE LECOURBE;15;SAEMES;0148285708;7j / 7;OUI;2025-01-01T01:00:00+00:00;253.0;2530.0;OUI;1510.0;2020.0;NON;;2025-01-01T01:00:00+00:00;1.15;2.3;6.9;32.2;36.8;41.4;41.4;41.4;41.4;126.0;360.0;1260.0;2025-09-01T02:00:00+00:00;126.0;360.0;1260.0;1.6;88.0;250.0;880.0;12.0;648592.544;6860403.086;15J,15K,15L,15P,15R,15V;0.4;0.8;14.4;OUI;520.0;700.0;NON;;NON;3160.0;NON;;;OUI;0.8;70.0;199.0;770.0;"{""coordinates"": [2.2995674310918996, 48.84162433640969], ""type"": ""Point""}";48.84162433640969, 2.2995674310918996
75118-P-073;DAMREMONT;75118;73 ter rue damremont, 75018, Paris;https://www.sags-parking.fr/parking/164/paris-damremont;abonnés;0;46;0;3;9;26;4;2;9;0;220;38933781700065;2.33575449;48.8928896;tarif_special;;;;;;151.7544;238.4;ouvrage;;73-M-A;73 TER RUE DAMREMONT;18;SAGS;0385204315;POUR ABONNES;NON;1900-01-01T00:09:21+00:00;238.4;2384.0;NON;;;OUI;1517.544;1900-01-01T00:09:21+00:00;;;;;;;;;;0.0;0.0;0.0;2025-09-01T02:00:00+00:00;186.3;502.9;1862.6;;83.44;233.632;834.4;10.0;651296.341;6866080.43;17R,17U,18E,18N,18P,18R,18S;;;;NON;;;OUI;541.98;NON;2980.0;NON;;151.7544;OUI;;70.0;199.0;770.0;"{""coordinates"": [2.3357544919147903, 48.892889595874315], ""type"": ""Point""}";48.892889595874315, 2.3357544919147903
75108-P-014;SAINT AUGUSTIN;75108;18 rue de laborde, 75008, Paris;https://www.saemes.fr/fr/parking/parking-st-augustin-bergson;tous;0;777;0;10;316;70;30;8;316;0;190;31703299300741;2.32032135;48.87574961;tarif_special;4.9;9.8;14.7;19.6;44.1;248.0;310.0;ouvrage;tarif petit rouleur -44 % = contacter le parc;14-E-A;18 RUE DE LABORDE;8;SAEMES;0144826800;7j / 7;PREVU;2025-01-01T01:00:00+00:00;310.0;3100.0;OUI;1730.0;2480.0;NON;;2025-01-01T01:00:00+00:00;1.25;2.5;7.4;34.3;39.2;44.1;44.1;44.1;44.1;155.0;434.0;1550.0;2025-09-01T02:00:00+00:00;248.0;694.0;2480.0;1.7;108.0;303.0;1080.0;12.0;650148.378;6864184.201;8H,8J,8K,8L,9E,9G,17K,17R;0.45;0.9;15.3;OUI;600.0;860.0;NON;;NON;3870.0;NON;;;OUI;1.2;90.0;256.0;990.0;"{""coordinates"": [2.320321350264016, 48.87574960557976], ""type"": ""Point""}";48.87574960557976, 2.320321350264016
