Geo Point;Geo Shape;insee;ident;nom;exploit;siret;infor;adresse;ta_titul;ta_ntitul;th_quar;th_demi;th_heur;th_2;th_3;th_4;th_10;th_24;th_nuit;ta_resmoi;ta_nres7j;ta_moimot;ta_moivel;ta_type;ta_handi;tv_1h;an_serv;secteur;propr;typgest;type;nb_niv;gabari_std;gabari_max;np_hginf;np_hgsup;np_global;np_fourr;np_pr;np_total;np_pmr;np_vle;np_covoit;np_mobalt;np_stlav;np_2rmot;np_2rele;np_veltot;np_velec;url;titul;etat;total;libres;prepaye;connecte;mdate;cdate;gid
44.8753791, -0.5444684;"{""coordinates"": [-0.5444684, 44.8753791], ""type"": ""Point""}";33063;CUBPK44;Parc Relais Brandenburg;KEOLIS;80822705200012;forfait court-séjour, 3.5€ pour tous les occupants du VL;Boulevard Albert Brandenburg 33000 Bordeaux;0.0;3.5;3.5;3.5;3.5;3.5;3.5;3.5;3.5;;;;;;0.0;PAYANT_TARIF_PARC_RELAIS;AUTRE;0.0;2009;PERIPHERIE;BORDEAUX_METROPOLE;DELEGATION_DE_SERVICE_PUBLIC_POUR_BORDEAUX_METROPOLE;SURFACE;1;2.1;2.1;0;0;211;0;211;211;6;0;5;0;0;20;0;20;0;https://www.infotbm.com/fr/parc-relais;TBM;LIBRE;211;4;0.0;1;2026-03-30T12:30:41+00:00;2018-06-01T00:00:00+00:00;244
44.8557026, -0.5630087;"{""coordinates"": [-0.5630087, 44.8557026], ""type"": ""Point""}";33063;CUBPK14;Bord'Eau Village;Q_PARK;37888823401562;;Quai des Chartrons 33000 Bordeaux;;;0.9;1.9;3.4;7.3;10.6;13.5;28.1;32.3;8.8;143.0;143.0;143.0;0.0;PAYANT_TARIF_HORAIRE;NORMAL_PAYANT;1.8;2005;CENTRE;AUTRE;GESTION_PRIVEE;SILO;4;1.9;1.9;0;0;540;0;0;540;23;0;0;0;0;10;0;90;0;https://www.q-park.fr/fr-fr/villes/bordeaux/bord-eau-village/;Q_PARK;LIBRE;540;247;0.0;1;2026-03-30T12:29:36+00:00;2018-06-01T00:00:00+00:00;245
44.8291288, -0.5633484;"{""coordinates"": [-0.5633484, 44.8291288], ""type"": ""Point""}";33063;CUBPK04;Meunier - Saint Jean;INDIGO;43161642400062;Abonnement gratuit pour les vélos;Sous la Place André Meunier - 33000  BORDEAUX;;;0.5;1.2;2.4;4.2;5.5;6.9;14.1;21.1;7.0;60.3;115.5;39.9;0.0;PAYANT_TARIF_HORAIRE;NORMAL_PAYANT;1.8;2012;CENTRE;BORDEAUX_METROPOLE;DELEGATION_DE_SERVICE_PUBLIC_POUR_BORDEAUX_METROPOLE;ENTERRE;4;1.9;1.9;0;0;330;0;0;330;7;17;0;0;0;20;0;30;0;https://fr.parkindigo.com/parking/bordeaux-33800/meunier-u3300300;BP3000;LIBRE;323;0;0.0;0;2026-03-18T04:00:40+00:00;2018-06-01T00:00:00+00:00;247
44.8223342, -0.5552405;"{""coordinates"": [-0.5552405, 44.8223342], ""type"": ""Point""}";33063;CUBPK94;P4 Belcier -  Gare Saint Jean;INDIGO;320 229 644 05241;accès identique pour P4 et P3 Indigo Belcier - Saint Jean;Pont du Guit - angle rue des Gamins 33800 Bordeaux;;;2.3;46.0;9.2;14.0;16.8;22.4;34.5;34.5;;;;;;PAYANT_TARIF_HORAIRE;NORMAL_PAYANT;1.8;2019;CENTRE;SNCF;AUTORISATION_OCCUPATION_TEMPORAIRE;SILO;6;1.88;1.88;0;0;765;0;0;765;16;11;0;0;0;37;0;19;0;https://www.group-indigo.com/reference/parking-gare-saint-jean-belcier/;INDIGO_INFRA_FRANCE;COMPLET;600;0;0.0;0;2026-03-18T04:01:15+00:00;2019-10-01T13:43:51+00:00;503
44.9446852, -0.6181408;"{""coordinates"": [-0.6181408, 44.9446852], ""type"": ""Point""}";33312;CUBPK96;Gare Parempuyre;BORDEAUX_METROPOLE;243 300 316 00011;;Rue de la Fraternité 33290 Parempuyre;;;0.0;0.0;0.0;0.0;0.0;0.0;0.0;0.0;0.0;0.0;0.0;0.0;0.0;GRATUIT;GRATUIT;0.0;2009;PERIPHERIE;BORDEAUX_METROPOLE;AUTRE;SURFACE;0;2.2;2.2;0;0;151;0;0;151;4;2;10;0;0;0;0;12;0;https://www.bordeaux-metropole.fr/;BORDEAUX_METROPOLE;OUVERT;;;0.0;0;2025-03-05T13:50:13+00:00;2020-01-10T14:43:55+00:00;603
44.8918038, -0.669668;"{""coordinates"": [-0.669668, 44.8918038], ""type"": ""Point""}";33162;CUBPK97;Parc Relais Cantinolle;KEOLIS;80822705200012;abonnement annuel Riverain nocturne 300€ et forfait court-séjour, 3.5€ pour tous les occupants du VL. 476 places ouvertes à mi2023 sur 622 au total;Avenue du Taillan-Médoc 33320 Eysines;0.0;3.5;3.5;3.5;3.5;3.5;3.5;3.5;3.5;;;;;;;PAYANT_TARIF_PARC_RELAIS;AUTRE;0.0;2020;PERIPHERIE;BORDEAUX_METROPOLE;DELEGATION_DE_SERVICE_PUBLIC_POUR_BORDEAUX_METROPOLE;SILO;4;2.9;1.9;0;0;624;0;624;624;15;20;0;0;0;16;0;24;0;https://www.infotbm.com/fr/parc-relais;TBM;LIBRE;620;526;0.0;1;2026-03-30T12:31:01+00:00;2020-03-02T15:09:08+00:00;623
44.9189434, -0.6220381;"{""coordinates"": [-0.6220381, 44.9189434], ""type"": ""Point""}";33075;CUBPK76;Parc Relais Gare De Blanquefort;KEOLIS;80822705200012;4.5€ pour 1 à 5 passagers dans le VL;Rue Jean Duvert 33290 Blanquefort;0.0;4.5;4.5;4.5;4.5;4.5;4.5;4.5;4.5;;;;;;;PAYANT_TARIF_PARC_RELAIS;AUTRE;0.0;2016;PERIPHERIE;BORDEAUX_METROPOLE;DELEGATION_DE_SERVICE_PUBLIC_POUR_BORDEAUX_METROPOLE;SURFACE;1;2.1;2.1;0;0;206;0;206;206;5;0;5;0;0;0;0;0;0;https://www.infotbm.com/fr/parc-relais;TBM;LIBRE;206;8;0.0;1;2026-03-30T12:31:01+00:00;2018-06-01T00:00:00+00:00;214
44.844251, -0.5766115;"{""coordinates"": [-0.5766115, 44.844251], ""type"": ""Point""}";33063;CUBPK03;Tourny;INDIGO;43161642400062;Abonnement gratuit pour les vélos, 48 places electriques en attente;Allées de Tourny - 33000  BORDEAUX;;;0.7;1.4;2.8;6.9;9.0;11.2;22.1;30.3;7.0;94.2;188.4;39.9;0.0;PAYANT_TARIF_HORAIRE;NORMAL_PAYANT;2.5;1974;HYPER_CENTRE;BORDEAUX_METROPOLE;DELEGATION_DE_SERVICE_PUBLIC_POUR_BORDEAUX_METROPOLE;ENTERRE;2;1.85;1.85;0;0;957;0;0;957;20;48;0;0;6;11;0;15;0;https://fr.parkindigo.com/parking/bordeaux-33000/tourny-u3300500;BP3000;LIBRE;950;613;0.0;0;2026-03-18T04:00:49+00:00;2018-06-01T00:00:00+00:00;217
44.8400091, -0.5830064;"{""coordinates"": [-0.5830064, 44.8400091], ""type"": ""Point""}";33063;CUBPK24;Gambetta;METPARK;453 335 069 00010;Vélos: 50€/an ou 10€/mois, 6 places vélocargo;Rue Edmond Michelet 33000 Bordeaux;;;0.8;1.6;3.2;6.4;9.6;12.0;24.0;24.0;7.0;80.0;125.0;45.0;10.0;PAYANT_TARIF_HORAIRE;NORMAL_PAYANT;2.5;1981;HYPER_CENTRE;BORDEAUX_METROPOLE;REGIE_AUTONOME;ENTERRE;3;1.8;1.8;0;0;438;0;0;438;7;102;0;0;8;28;0;44;12;https://www.mtpk.fr/;METPARK;LIBRE;438;61;0.0;1;2026-03-30T12:31:47+00:00;2018-06-01T00:00:00+00:00;222
44.8345879, -0.5800428;"{""coordinates"": [-0.5800428, 44.8345879], ""type"": ""Point""}";33063;CUBPK26;Republique;METPARK;453 335 069 00010;Fermé jusqu'en janvier 2026 Vélos: 50€/an ou 10€/mois, Moins 40% pour abonnements aux titulaires  carte européenne Mobilité inclusion;Place de la République 33100 Bordeaux;;;0.8;1.6;3.2;6.4;9.6;12.0;24.0;24.0;7.0;80.0;125.0;45.0;10.0;PAYANT_TARIF_HORAIRE;AUTRE;2.5;1980;HYPER_CENTRE;BORDEAUX_METROPOLE;REGIE_AUTONOME;ENTERRE;3;1.8;1.8;0;0;361;0;0;361;8;70;0;0;0;20;0;42;12;https://www.mtpk.fr/;METPARK;LIBRE;361;94;0.0;1;2026-03-30T12:31:51+00:00;2018-06-01T00:00:00+00:00;225
44.8437208, -0.5704253;"{""coordinates"": [-0.5704253, 44.8437208], ""type"": ""Point""}";33063;CUBPK02;Bourse - Jaures;INDIGO;43161642400062;Abonnement gratuit pour les vélos, 35brve Bourse et 48 Jaures;Place Jean Jaures - 33000  BORDEAUX;;;0.7;1.4;2.8;6.9;9.0;11.2;22.1;30.3;7.0;90.4;180.6;39.9;0.0;PAYANT_TARIF_HORAIRE;NORMAL_PAYANT;2.5;2004;HYPER_CENTRE;BORDEAUX_METROPOLE;DELEGATION_DE_SERVICE_PUBLIC_POUR_BORDEAUX_METROPOLE;ENTERRE;7;2.0;2.6;20;0;1659;0;0;1659;34;83;0;0;3;44;0;60;0;https://fr.parkindigo.com/parking/bordeaux-33000/bourse-jean-jaures-u3300100;BP3000;LIBRE;1300;1025;0.0;0;2026-03-18T04:00:50+00:00;2018-06-01T00:00:00+00:00;227
44.8351853, -0.5643595;"{""coordinates"": [-0.5643595, 44.8351853], ""type"": ""Point""}";33063;CUBPK05;Salinieres;INDIGO;43161642400062;PLANS PARKING SUR  https://opendata.bordeaux-metropole.fr/backoffice/catalog/datasets/st_park_p/#export    Park remis en service le 26/10/2020;12 Quais des Salinières - 33000 BORDEAUX;;;0.5;1.2;2.4;4.2;5.5;6.9;14.1;21.1;7.0;60.9;115.5;39.9;0.0;PAYANT_TARIF_HORAIRE;NORMAL_PAYANT;1.8;2003;HYPER_CENTRE;BORDEAUX_METROPOLE;DELEGATION_DE_SERVICE_PUBLIC_POUR_BORDEAUX_METROPOLE;ENTERRE;5;2.0;2.6;10;0;407;0;0;407;8;21;0;0;0;16;0;62;0;https://fr.parkindigo.com/parking/bordeaux-33800/salinieres-u3300400;BP3000;LIBRE;400;83;0.0;0;2026-03-18T04:00:53+00:00;2018-06-01T00:00:00+00:00;228
44.8290368, -0.6033091;"{""coordinates"": [-0.6033091, 44.8290368], ""type"": ""Point""}";33063;CUBPK08;Chu Groupe Hospitalier Pellegrin;INDIGO;320 229 644 05241;2320 sur l'ensemble du CHU;Place Amelie Raba-Leon - 33100 BORDEAUX;;;0.0;0.0;1.7;4.0;5.3;8.2;17.4;17.4;;;;;;PAYANT_TARIF_HORAIRE;NORMAL_PAYANT;0.0;2012;CENTRE;CHU_GROUPE_HOSPITALIER_PELLEGRIN;DELEGATION_DE_SERVICE_PUBLIC_POUR_LE_CHU;SURFACE;1;4.0;4.0;0;0;2376;0;0;2376;45;0;0;0;0;0;0;484;0;https://fr.parkindigo.com/parking/bordeaux-33076/groupe-hospitalier-pellegrin-33000800;INDIGO_INFRA_FRANCE;OUVERT;;;0.0;0;2026-02-12T07:51:30+00:00;2018-06-01T00:00:00+00:00;250
44.8670739, -0.5762883;"{""coordinates"": [-0.5762883, 44.8670739], ""type"": ""Point""}";33069;CUBPK54;Parc Relais Ravezies Le Bouscat;KEOLIS;80822705200012;4.5€ pour 1 à 5 passagers dans le VL;Allées de Boutaut 33110 Le Bouscat;0.0;4.5;4.5;4.5;4.5;4.5;4.5;4.5;4.5;;;;;;0.0;PAYANT_TARIF_PARC_RELAIS;AUTRE;0.0;2008;PERIPHERIE;BORDEAUX_METROPOLE;DELEGATION_DE_SERVICE_PUBLIC_POUR_BORDEAUX_METROPOLE;SILO;6;2.0;2.0;0;0;366;0;366;366;9;2;10;0;0;26;0;24;6;https://www.infotbm.com/fr/parc-relais;TBM;LIBRE;366;55;0.0;1;2026-03-30T12:30:41+00:00;2018-06-01T00:00:00+00:00;256
44.8554013, -0.5956902;"{""coordinates"": [-0.5956902, 44.8554013], ""type"": ""Point""}";33069;CUBPK38;Liberation;METPARK;453 335 069 00010;"ancien nom; BARRIERE DU MEDOC";Avenue de la Libération 33110 Le Bouscat;;;0.6;1.2;2.4;4.8;7.2;9.0;9.0;9.0;5.0;50.0;70.0;30.0;;PAYANT_TARIF_HORAIRE;NORMAL_PAYANT;1.8;1974;PERIPHERIE;BORDEAUX_METROPOLE;REGIE_AUTONOME;ENTERRE;2;1.8;1.8;0;0;136;0;0;136;3;15;0;0;0;12;0;0;0;https://www.mtpk.fr/;METPARK;LIBRE;137;42;0.0;1;2026-03-30T12:32:01+00:00;2018-06-01T00:00:00+00:00;257
44.8539048, -0.5966865;"{""coordinates"": [-0.5966865, 44.8539048], ""type"": ""Point""}";33069;CUBPK74;Laharpe;METPARK;453 335 069 00010;ancien nom: IDDAC;Avenue d'Eysines 33200 Bordeaux;;;0.6;1.2;2.4;4.8;7.2;9.0;9.0;9.0;5.0;50.0;70.0;;;PAYANT_TARIF_HORAIRE;NORMAL_PAYANT;0.0;2016;PERIPHERIE;BORDEAUX_METROPOLE;REGIE_AUTONOME;SURFACE;1;2.1;2.1;0;0;83;0;0;83;3;28;0;0;0;0;0;0;0;https://www.mtpk.fr/;METPARK;LIBRE;80;10;0.0;1;2026-03-30T12:32:01+00:00;2018-06-01T00:00:00+00:00;258
44.8447411, -0.5105513;"{""coordinates"": [-0.5105513, 44.8447411], ""type"": ""Point""}";33167;CUBPK47;Parc Relais Floirac Dravemont;KEOLIS;80822705200012;3.5€ pour tous les occupants du VL, forfait court séjour;Rue Salvador Allende 33270 Floirac;0.0;3.5;3.5;3.5;3.5;3.5;3.5;3.5;3.5;;;;;;;PAYANT_TARIF_PARC_RELAIS;NORMAL_PAYANT;0.0;2007;PERIPHERIE;BORDEAUX_METROPOLE;DELEGATION_DE_SERVICE_PUBLIC_POUR_BORDEAUX_METROPOLE;SURFACE;1;2.0;2.0;0;0;52;0;52;52;4;0;5;0;0;40;0;0;0;https://www.infotbm.com/fr/parc-relais;TBM;LIBRE;52;54;0.0;1;2026-03-30T12:30:41+00:00;2018-06-01T00:00:00+00:00;260
44.8238769, -0.5300949;"{""coordinates"": [-0.5300949, 44.8238769], ""type"": ""Point""}";33167;CUBPK82;Floirac Arena;METPARK;453 335 069 00010;"tarif parc relais hors heures de spectacles; forfait spectacle 15€ en 2025";Rue Pierre Kaldor 33270 Floirac;0.0;0.0;0.6;1.2;2.4;4.8;7.2;9.0;9.0;9.0;;50.0;70.0;30.0;;PAYANT_TARIF_HORAIRE;NORMAL_PAYANT;0.0;2018;PERIPHERIE;METPARK;REGIE_AUTONOME;SILO;5;2.0;2.0;0;0;961;0;400;961;24;12;0;0;0;0;0;0;0;https://www.mtpk.fr/;METPARK;LIBRE;456;436;0.0;1;2026-03-30T12:32:04+00:00;2018-06-01T00:00:00+00:00;261
44.8651709, -0.5245093;"{""coordinates"": [-0.5245093, 44.8651709], ""type"": ""Point""}";33249;CUBPK45;Parc Relais Buttiniere;KEOLIS;80822705200012;4.5€ pour tous les occupants du VL;Route de Bordeaux 33130 Lormont;0.0;4.5;4.5;4.5;4.5;4.5;4.5;4.5;4.5;;;;;;0.0;PAYANT_TARIF_PARC_RELAIS;AUTRE;0.0;2004;PERIPHERIE;BORDEAUX_METROPOLE;DELEGATION_DE_SERVICE_PUBLIC_POUR_BORDEAUX_METROPOLE;SILO;5;1.9;1.9;0;0;601;0;601;601;16;0;10;0;0;52;0;26;8;https://www.infotbm.com/fr/parc-relais;TBM;LIBRE;600;1;0.0;1;2026-03-30T12:30:41+00:00;2018-06-01T00:00:00+00:00;265
44.8310211, -0.7014904;"{""coordinates"": [-0.7014904, 44.8310211], ""type"": ""Point""}";33281;CUBPK13;Aeroport Pr Express;INDIGO;320 229 644 05241;;Avenue Kennedy - 33700 MERIGNAC;;;2.2;62.0;11.2;20.8;42.4;53.4;119.4;130.4;;;;;;PAYANT_TARIF_HORAIRE;NORMAL_PAYANT;0.0;2008;PERIPHERIE;AEROPORT_DE_BORDEAUX;CONCESSION_DE_SERVICE;SURFACE;1;4.0;4.0;0;0;108;0;0;108;2;0;0;0;0;0;0;0;0;http://www.bordeaux.aeroport.fr/fr/info/parkings-aeroport-bordeaux;INDIGO;OUVERT;;;0.0;0;2026-02-12T08:14:37+00:00;2018-06-01T00:00:00+00:00;268
44.8268599, -0.6252913;"{""coordinates"": [-0.6252913, 44.8268599], ""type"": ""Point""}";33281;CUBPK41;Parc Relais Arlac;KEOLIS;80822705200012;réouverture après travaux fin 2026, abonnement annuel Riverain nocturne 300€;Avenue François Mitterrand 33700 Merignac;0.0;4.5;4.5;4.5;4.5;4.5;4.5;4.5;4.5;;;;;;0.0;PAYANT_TARIF_PARC_RELAIS;NORMAL_PAYANT;0.0;2008;PERIPHERIE;BORDEAUX_METROPOLE;DELEGATION_DE_SERVICE_PUBLIC_POUR_BORDEAUX_METROPOLE;SILO;5;2.1;2.1;0;0;398;0;398;398;9;6;10;0;0;32;0;30;6;https://www.infotbm.com/fr/parc-relais;TBM;FERME;393;388;0.0;1;2026-03-30T12:30:41+00:00;2018-06-01T00:00:00+00:00;269
44.8284087, -0.6917486;"{""coordinates"": [-0.6917486, 44.8284087], ""type"": ""Point""}";33281;CUBPK12;Aeroport P4 Longue Duree;INDIGO;320 229 644 05241;places Handicapés au P2 avec tarif P4, stationnement minimal de 12 heures pour 15€;Avenue Kennedy - 33700 MERIGNAC;;;3.0;3.3;5.0;7.2;9.4;10.2;15.1;22.0;;;;;;PAYANT_TARIF_HORAIRE;AUTRE;0.0;2008;PERIPHERIE;AEROPORT_DE_BORDEAUX;CONCESSION_DE_SERVICE;SURFACE;1;4.0;4.0;0;0;3427;0;0;3427;10;0;0;0;0;0;0;0;0;http://www.bordeaux.aeroport.fr/fr/info/parkings-aeroport-bordeaux;INDIGO;OUVERT;;;0.0;0;2026-02-12T08:16:00+00:00;2018-06-01T00:00:00+00:00;271
44.8051041, -0.6322405;"{""coordinates"": [-0.6322405, 44.8051041], ""type"": ""Point""}";33318;CUBPK40;Pessac Centre;METPARK;453 335 069 00010;"Vélos: 50€/an ou 10€/mois, 2 heures gratuites; Parc mixte avec places P+R abonnés";Rue des Poilus 33600 Pessac;0.0;;0.0;0.0;0.0;4.8;7.2;9.0;9.0;9.0;;50.0;70.0;30.0;10.0;PAYANT_TARIF_HORAIRE;NORMAL_PAYANT;0.0;1985;PERIPHERIE;BORDEAUX_METROPOLE;REGIE_AUTONOME;ENTERRE;3;1.8;1.8;0;0;346;0;100;346;4;48;0;0;0;24;0;20;0;https://www.mtpk.fr/;METPARK;LIBRE;400;279;0.0;1;2026-03-30T12:32:01+00:00;2018-06-01T00:00:00+00:00;275
44.7936623, -0.6350514;"{""coordinates"": [-0.6350514, 44.7936623], ""type"": ""Point""}";33318;CUBPK43;Parc Relais Bougnard;KEOLIS;80822705200012;4.5€ pour 1 à 5 passagers dans le VL;Avenue Bougnard 33600 Pessac;0.0;4.5;4.5;4.5;4.5;4.5;4.5;4.5;4.5;;;;;;0.0;PAYANT_TARIF_PARC_RELAIS;AUTRE;0.0;2004;PERIPHERIE;BORDEAUX_METROPOLE;DELEGATION_DE_SERVICE_PUBLIC_POUR_BORDEAUX_METROPOLE;SURFACE;1;2.2;2.2;0;0;168;0;168;168;10;0;6;0;0;48;0;44;7;https://www.infotbm.com/fr/parc-relais;TBM;FERME;168;168;0.0;1;2026-03-30T12:30:41+00:00;2018-06-01T00:00:00+00:00;276
44.822652, -0.5459965;"{""coordinates"": [-0.5459965, 44.822652], ""type"": ""Point""}";33063;CUBPK85;Ars - Belcier;INDIGO;320 229 644 05241;;16 Rue des Maraichers 33800 Bordeaux;;;0.7;1.4;2.8;5.6;8.4;10.8;21.6;21.6;21.6;99.0;99.0;42.0;;PAYANT_TARIF_HORAIRE;NORMAL_PAYANT;1.8;2018;CENTRE;AUTRE;GESTION_PRIVEE;SILO;6;1.9;1.9;0;0;520;0;0;520;10;3;0;0;0;14;0;0;0;https://www.indigoneo.fr/fr/parkings?service=booking&vehicleType=car&searchText=Parking%20Indigo%20Bordeaux%20Ars%20Belcier%2C%20Rue%20des%20Mara%C3%AEchers%2C%20Bordeaux%2C%20France&longitude=-0.5467611&latitude=44.8218921;INDIGO;LIBRE;225;174;0.0;0;2026-03-18T04:01:14+00:00;2018-11-23T15:15:59+00:00;331
44.843274, -0.5587228;"{""coordinates"": [-0.5587228, 44.843274], ""type"": ""Point""}";33063;CUBPK87;Bordeaux Bastide;INDIGO;43161642400062;1h30 gratuite sur ticket Carrefour;Allee Serr 33100 Bordeaux;;;1.0;2.0;3.2;7.4;9.7;11.0;14.8;26.8;12.0;90.0;90.0;;;PAYANT_TARIF_HORAIRE;NORMAL_PAYANT;1.8;2018;CENTRE;AUTRE;GESTION_PRIVEE;ENTERRE;1;1.9;1.9;158;0;158;0;0;158;3;0;0;0;0;0;0;0;0;https://fr.parkindigo.com/parking/bordeaux-33000/bordeaux-bastide-33001900;AUTRE;OUVERT;;;0.0;0;2025-08-22T08:19:16+00:00;2018-11-23T15:41:00+00:00;333
44.7744313, -0.5641665;"{""coordinates"": [-0.5641665, 44.7744313], ""type"": ""Point""}";33550;CUBPK91;Parc Relais Villenave Pyrenees;KEOLIS;80822705200012;399 places ouvertes à mi 2023, 3.5€ pour tous les occupants du VL, forfait court séjour;Avenue des Pyrénées 33140 Villenave d'Ornon;0.0;3.5;3.5;3.5;3.5;3.5;3.5;3.5;3.5;;;;;;0.0;PAYANT_TARIF_PARC_RELAIS;NORMAL_PAYANT;0.0;2019;PERIPHERIE;BORDEAUX_METROPOLE;DELEGATION_DE_SERVICE_PUBLIC_POUR_BORDEAUX_METROPOLE;SILO;4;1.9;1.9;0;0;753;0;753;753;20;20;0;0;0;28;0;56;4;https://www.infotbm.com/fr/parc-relais;TBM;LIBRE;399;176;0.0;1;2026-03-30T12:31:01+00:00;2019-02-05T15:41:59+00:00;451
44.9188127, -0.6232293;"{""coordinates"": [-0.6232293, 44.9188127], ""type"": ""Point""}";33075;CUBPK90;Gare Blanquefort;BORDEAUX_METROPOLE;243 300 316 00011;Parking provisoire gratuit, attente extension P+R;Rue Jean Duvert 33290 Blanquefort;;;0.0;0.0;0.0;0.0;0.0;0.0;0.0;0.0;0.0;0.0;0.0;0.0;0.0;GRATUIT;GRATUIT;0.0;2018;PERIPHERIE;BORDEAUX_METROPOLE;AUTRE;SURFACE;0;;;0;0;151;0;0;151;4;0;0;0;0;0;0;0;0;https://www.bordeaux-metropole.fr/;AUTRE;OUVERT;;;0.0;0;2025-03-05T13:48:39+00:00;2019-01-04T16:19:00+00:00;450
44.8261756, -0.5573939;"{""coordinates"": [-0.5573939, 44.8261756], ""type"": ""Point""}";33063;CUBPK33;Gare Saint Jean;METPARK;453 335 069 00010;391 places parking+151 places arrêt minute mais très cher passé 2 heures de stationnement;Rue Charles Domerq 33800 Bordeaux;;;2.5;5.0;10.0;16.6;19.8;23.0;32.0;32.0;;110.0;155.0;60.0;;PAYANT_TARIF_HORAIRE;NORMAL_PAYANT;1.8;1990;CENTRE;SNCF;CONCESSION_DE_SERVICE;ENTERRE;4;1.8;1.8;0;0;390;0;0;390;7;0;0;0;0;19;0;0;0;https://www.mtpk.fr/;METPARK;LIBRE;410;40;0.0;1;2026-03-30T12:32:01+00:00;2018-06-01T00:00:00+00:00;230
44.8494494, -0.5464421;"{""coordinates"": [-0.5464421, 44.8494494], ""type"": ""Point""}";33063;CUBPK48;Parc Relais Galin;KEOLIS;80822705200012;4.5€ pour 1 à 5 passagers dans le VL;Rue Gustave Eiffel 33100 Bordeaux;0.0;4.5;4.5;4.5;4.5;4.5;4.5;4.5;4.5;;;;;;0.0;PAYANT_TARIF_PARC_RELAIS;AUTRE;0.0;2003;CENTRE;BORDEAUX_METROPOLE;DELEGATION_DE_SERVICE_PUBLIC_POUR_BORDEAUX_METROPOLE;SURFACE;1;1.9;1.9;0;0;279;0;279;279;8;0;5;0;0;36;0;36;0;https://www.infotbm.com/fr/parc-relais;TBM;LIBRE;279;1;0.0;1;2026-03-30T12:30:41+00:00;2018-06-01T00:00:00+00:00;235
44.8239922, -0.5793829;"{""coordinates"": [-0.5793829, 44.8239922], ""type"": ""Point""}";33063;CUBPK36;Bergonie;METPARK;453 335 069 00010;40 minutes gratuites, 150 places réservées au personnel;Cours de l'Argonne 33000 Bordeaux;;;0.0;0.0;2.8;5.6;8.4;10.8;22.0;22.0;;;;;;PAYANT_TARIF_HORAIRE;NORMAL_PAYANT;1.8;2002;CENTRE;BORDEAUX_METROPOLE;REGIE_AUTONOME;ENTERRE;3;1.8;1.8;0;0;66;0;0;66;0;0;0;0;0;0;0;0;0;https://www.mtpk.fr/;METPARK;LIBRE;66;5;0.0;1;2026-03-30T12:31:57+00:00;2018-06-01T00:00:00+00:00;237
44.853986, -0.5928029;"{""coordinates"": [-0.5928029, 44.853986], ""type"": ""Point""}";33063;CUBPK73;Beaujon;METPARK;453 335 069 00010;Vélos: 50€/an ou 10€/mois;Impasse des Cossus 33000 Bordeaux;;;0.7;1.4;2.8;5.6;8.4;10.8;22.0;22.0;7.0;80.0;105.0;;10.0;PAYANT_TARIF_HORAIRE;NORMAL_PAYANT;1.8;2016;PERIPHERIE;BORDEAUX_METROPOLE;REGIE_AUTONOME;SILO;3;1.95;1.95;0;0;92;0;0;92;1;6;0;0;0;0;0;18;0;https://www.mtpk.fr/;METPARK;LIBRE;92;29;0.0;1;2026-03-30T12:32:01+00:00;2018-06-01T00:00:00+00:00;238
44.8514501, -0.5892515;"{""coordinates"": [-0.5892515, 44.8514501], ""type"": ""Point""}";33063;CUBPK37;Croix De Seguey;METPARK;453 335 069 00010;Abonnés seulement;Rue Croix de Seguey 33000 Bordeaux;;;;;;;;;;;;80.0;115.0;;;PAYANT_RESERVE_ABONNES;NORMAL_PAYANT;1.8;2003;CENTRE;BORDEAUX_METROPOLE;REGIE_AUTONOME;SURFACE;1;1.8;1.8;0;0;51;0;0;51;2;0;0;0;0;0;0;0;0;https://www.mtpk.fr/;METPARK;OUVERT;;;0.0;0;2025-03-05T12:11:28+00:00;2018-06-01T00:00:00+00:00;241
44.8251902, -0.557181;"{""coordinates"": [-0.557181, 44.8251902], ""type"": ""Point""}";33063;CUBPK102;Gare Saint Jean Arret Minute P2 Sud;METPARK;453 335 069 00010;pour plus de 2 heures l'arrêt minute est très cher Se reporter sur les places du Parking Saint Jean;Rue Charles Domerq Sud 33800 Bordeaux;;;3.0;6.0;12.0;21.0;27.0;33.0;57.0;57.0;;;;;;PAYANT_TARIF_HORAIRE;NORMAL_PAYANT;1.8;1990;CENTRE;SNCF;CONCESSION_DE_SERVICE;ENTERRE;1;;;;;105;0;0;105;0;0;0;0;0;0;0;0;0;https://www.mtpk.fr/;METPARK;LIBRE;105;75;0.0;0;2025-05-09T14:39:47+00:00;2021-02-10T14:03:22+00:00;723
44.8379111, -0.576216;"{""coordinates"": [-0.576216, 44.8379111], ""type"": ""Point""}";33063;CUBPK25;Pey Berland - Saint Christoly;METPARK;453 335 069 00010;Vélos: 50€/an ou 10€/mois, Moins 40% pour abonnements aux titulaires  carte européenne Mobilité inclusion;Place Pey Berland 33000 Bordeaux;;;0.8;1.6;3.2;6.4;9.6;12.0;24.0;24.0;7.0;80.0;125.0;45.0;10.0;PAYANT_TARIF_HORAIRE;AUTRE;2.5;1984;HYPER_CENTRE;BORDEAUX_METROPOLE;REGIE_AUTONOME;ENTERRE;3;1.8;1.8;0;0;646;0;0;646;20;0;0;0;0;40;0;44;0;https://www.mtpk.fr/;METPARK;LIBRE;399;72;0.0;1;2026-03-30T12:32:01+00:00;2018-06-01T00:00:00+00:00;218
44.8465148, -0.5723176;"{""coordinates"": [-0.5723176, 44.8465148], ""type"": ""Point""}";33063;CUBPK110;Parking Cars Tourisme, Allees De Bristol, Metpark;METPARK;453 335 069 00010;39€ pour 24 heures, 9 emplacements réserves aux autocars;Allees de Bristol depuis quais 33000 Bordeaux;;;2.0;4.0;8.0;15.0;21.0;27.0;39.0;39.0;;;;;;PAYANT_TARIF_HORAIRE;NORMAL_PAYANT;2.5;2018;HYPER_CENTRE;BORDEAUX_METROPOLE;REGIE_AUTONOME;ENCLOS;1;;4.0;0;9;9;0;0;0;0;0;0;0;0;0;0;0;0;https://www.mtpk.fr/nos-offres/#pros;METPARK;OUVERT;;;0.0;0;2026-02-23T15:02:04+00:00;2022-04-21T14:21:29+00:00;1613
44.822314, -0.5552388;"{""coordinates"": [-0.5552388, 44.822314], ""type"": ""Point""}";33063;CUBPK108;P3 Belcier Arret Minute - Gare Saint Jean;INDIGO;320 229 644 05241;accès identiques pour les parkings P4 et P3 et pour ARRET MINUTE P3Belcier - Saint Jean;Rond-Point Pierre Sémard 33800 BORDEAUX;;;2.0;4.0;8.0;15.0;21.0;27.0;44.5;44.5;;;;;;PAYANT_TARIF_HORAIRE;NORMAL_PAYANT;1.8;2017;CENTRE;SNCF_GARES_ET_CONNEXIONS_BAIL_45_ANS;AUTORISATION_OCCUPATION_TEMPORAIRE;SILO;1;1.88;1.88;0;0;112;0;0;112;0;0;0;0;0;0;0;0;0;https://fr.parkindigo.com/parkings-france/bordeaux;INDIGO_INFRA_FRANCE;COMPLET;103;0;0.0;0;2026-03-18T04:01:13+00:00;2022-03-08T14:59:17+00:00;1575
44.834021, -0.6881081;"{""coordinates"": [-0.6881081, 44.834021], ""type"": ""Point""}";33281;CUBPK115;Parc Relais Caroline Aigle, Merignac;KEOLIS;808 227 052 00012;parc relais mis en service le 8 mars 2025;avenue Ariane 33700 MERIGNAC;0.0;4.5;;;;;;;;;;;;;;PAYANT_TARIF_PARC_RELAIS;NORMAL_PAYANT;;2025;AUTRE;BORDEAUX_METROPOLE;DELEGATION_DE_SERVICE_PUBLIC_POUR_BORDEAUX_METROPOLE;ENCLOS;1;1.8;1.8;0;0;103;0;103;103;3;0;0;0;0;0;0;0;0;https://www.infotbm.com/fr/parc-relais/27;TBM;LIBRE;103;97;0.0;1;2026-03-30T12:31:01+00:00;2025-03-11T12:29:12+00:00;1983
44.8358466, -0.5523336;"{""coordinates"": [-0.5523336, 44.8358466], ""type"": ""Point""}";33063;CUBPK113;Belvedere;INDIGO;320 229 644 05241;ouverture le 1er avril 2024;19 rue de la Garonne;;;0.6;1.2;2.4;4.8;7.2;9.6;21.0;21.0;;;130.0;;;PAYANT_TARIF_HORAIRE;NORMAL_PAYANT;0.0;2024;PERIPHERIE;AUTRE;GESTION_PRIVEE;ENTERRE;1;1.9;1.9;;0;400;0;0;400;3;6;0;0;0;0;0;0;0;https://fr.parkindigo.com/parkings-france/bordeaux;INDIGO;LIBRE;400;288;0.0;0;2026-03-18T04:01:17+00:00;2024-04-04T09:45:33+00:00;1773
44.9058171, -0.7151359;"{""coordinates"": [-0.7151359, 44.9058171], ""type"": ""Point""}";33376;CUBPK114;Parc Relais Lycee Sud Medoc;KEOLIS;808 227 052 00012;parc relais gratuit;Avenue du lycée, 33160 Saint Aubin de Médoc;0.0;0.0;0.0;0.0;0.0;0.0;0.0;0.0;0.0;0.0;0.0;;;;;PAYANT_TARIF_PARC_RELAIS;GRATUIT;0.0;2024;PERIPHERIE;BORDEAUX_METROPOLE;DELEGATION_DE_SERVICE_PUBLIC_POUR_BORDEAUX_METROPOLE;ENCLOS;1;;;0;0;117;0;117;117;2;4;0;0;0;0;0;0;0;;TBM;OUVERT;;;0.0;0;2025-03-05T13:36:03+00:00;2024-10-08T09:06:36+00:00;1856
44.8398053, -0.5830848;"{""coordinates"": [-0.5830848, 44.8398053], ""type"": ""Point""}";33063;CUBPK31;Bonnac;METPARK;453 335 069 00010;Abonnés seulement;Rue Georges Bonnac 33000 Bordeaux;;;;;;;;;;;;80.0;125.0;45.0;;PAYANT_RESERVE_ABONNES;NORMAL_PAYANT;2.5;2009;HYPER_CENTRE;BORDEAUX_METROPOLE;REGIE_AUTONOME;ENTERRE;1;1.8;1.8;0;0;163;0;0;163;4;6;0;0;0;8;0;0;0;https://www.mtpk.fr/;METPARK;OUVERT;;;0.0;0;2026-02-05T15:01:18+00:00;2018-06-01T00:00:00+00:00;248
44.8837545, -0.569131;"{""coordinates"": [-0.569131, 44.8837545], ""type"": ""Point""}";33063;CUBPK84;Parc Relais Quarante Journaux;KEOLIS;80822705200012;abonnement annuel Riverain nocturne 300€ et forfait court-séjour, 3.5€ pour tous les occupants du VL;Rue du Professeur Andre Lavignolle 33000 Bordeaux;0.0;3.5;3.5;3.5;3.5;3.5;3.5;3.5;3.5;;;;;;0.0;PAYANT_TARIF_PARC_RELAIS;AUTRE;0.0;2018;PERIPHERIE;BORDEAUX_METROPOLE;DELEGATION_DE_SERVICE_PUBLIC_POUR_BORDEAUX_METROPOLE;SURFACE;1;2.1;2.1;0;0;200;0;200;200;5;0;10;0;0;5;0;20;5;https://www.infotbm.com/fr/parc-relais;TBM;LIBRE;200;182;0.0;1;2026-03-30T12:31:01+00:00;2018-06-01T00:00:00+00:00;255
44.7974714, -0.5527252;"{""coordinates"": [-0.5527252, 44.7974714], ""type"": ""Point""}";33039;CUBPK60;Parc Relais Gare De Begles;KEOLIS;80822705200012;4.5€ pour 1 à 5 passagers dans le VL;Avenue Lénine 33130 Bègles;0.0;4.5;4.5;4.5;4.5;4.5;4.5;4.5;4.5;;;;;;0.0;PAYANT_TARIF_PARC_RELAIS;AUTRE;0.0;2015;PERIPHERIE;BORDEAUX_METROPOLE;DELEGATION_DE_SERVICE_PUBLIC_POUR_BORDEAUX_METROPOLE;SURFACE;1;2.1;2.1;0;0;193;0;193;193;4;0;5;0;0;0;0;30;7;https://www.infotbm.com/fr/parc-relais;TBM;FERME;193;193;0.0;1;2026-03-30T12:30:41+00:00;2018-06-01T00:00:00+00:00;212
44.8351304, -0.5721457;"{""coordinates"": [-0.5721457, 44.8351304], ""type"": ""Point""}";33063;CUBPK16;Victor Hugo;METPARK;453 335 069 00010;Vélos: 50€/an ou 10€/mois;Cours Victor Hugo 33000 Bordeaux;;;0.8;1.6;3.2;6.4;9.6;12.0;24.0;24.0;7.0;80.0;105.0;45.0;10.0;PAYANT_TARIF_HORAIRE;NORMAL_PAYANT;2.5;1978;HYPER_CENTRE;BORDEAUX_METROPOLE;REGIE_AUTONOME;MIXTE;7;1.8;1.8;0;0;644;0;0;644;16;9;0;0;0;15;0;131;0;https://www.mtpk.fr/;METPARK;LIBRE;634;246;0.0;1;2026-03-30T12:32:02+00:00;2018-06-01T00:00:00+00:00;215
44.8310288, -0.5718999;"{""coordinates"": [-0.5718999, 44.8310288], ""type"": ""Point""}";33063;CUBPK29;Victoire;METPARK;453 335 069 00010;Vélos: 50€/an ou 10€/mois;Place de la Victoire 33000 Bordeaux;;;0.8;1.6;3.2;6.4;9.6;12.0;24.0;24.0;7.0;80.0;115.0;45.0;10.0;PAYANT_TARIF_HORAIRE;NORMAL_PAYANT;2.5;1984;HYPER_CENTRE;BORDEAUX_METROPOLE;REGIE_AUTONOME;ENTERRE;3;1.8;1.8;0;0;459;0;0;459;10;0;0;0;0;15;0;80;0;https://www.mtpk.fr/;METPARK;LIBRE;466;214;0.0;1;2026-03-30T12:32:01+00:00;2018-06-01T00:00:00+00:00;216
44.8388659, -0.5863109;"{""coordinates"": [-0.5863109, 44.8388659], ""type"": ""Point""}";33063;CUBPK28;Front Du Medoc;METPARK;453 335 069 00010;FERMé POUR TRAVAUX DEPUIS LE _ décembre 2023;Rue Robert Lateulade 33000 Bordeaux;;;;;;;;;;;;80.0;120.0;45.0;10.0;PAYANT_TARIF_HORAIRE;NORMAL_PAYANT;1.8;1977;HYPER_CENTRE;BORDEAUX_METROPOLE;REGIE_AUTONOME;SILO;3;1.8;1.8;11;0;0;0;0;0;0;0;0;0;0;0;0;0;0;https://www.mtpk.fr/;METPARK;FERME;70;70;0.0;1;2026-03-30T12:31:49+00:00;2018-06-01T00:00:00+00:00;219
44.8362853, -0.5857737;"{""coordinates"": [-0.5857737, 44.8362853], ""type"": ""Point""}";33063;CUBPK34;Huit Mai 45;METPARK;453 335 069 00010;Vélos: 50€/an ou 10€/1mois, 37 places vélos-cargos;Rue Jean Fleuret 33000 Bordeaux;;;0.8;1.6;3.2;6.4;9.6;12.0;24.0;24.0;7.0;80.0;115.0;45.0;10.0;PAYANT_TARIF_HORAIRE;NORMAL_PAYANT;1.8;1979;HYPER_CENTRE;BORDEAUX_METROPOLE;REGIE_AUTONOME;SILO;3;1.8;1.8;0;0;676;257;0;419;9;0;0;0;0;20;0;259;20;https://www.mtpk.fr/;METPARK;LIBRE;399;124;0.0;1;2026-03-30T12:32:01+00:00;2018-06-01T00:00:00+00:00;221
44.8428111, -0.5774475;"{""coordinates"": [-0.5774475, 44.8428111], ""type"": ""Point""}";33063;CUBPK07;Grands Hommes;METPARK;453 335 069 00010;plus 43 places CRC et 2 places Carrefour, Moins 40% pour abonnements aux titulaires  carte européenne Mobilité inclusion;Place des Grands Hommes- 33000 BORDEAUX;;;0.8;1.6;3.2;6.4;9.6;12.0;24.0;24.0;7.0;;125.0;;;PAYANT_TARIF_HORAIRE;AUTRE;2.5;1989;HYPER_CENTRE;BORDEAUX_METROPOLE;REGIE_AUTONOME;ENTERRE;6;1.9;1.9;0;0;458;0;0;458;9;0;0;0;0;0;0;0;0;https://www.mtpk.fr/parkings/parking-grands-hommes/;METPARK;LIBRE;415;252;0.0;1;2026-03-30T12:32:01+00:00;2018-06-01T00:00:00+00:00;226
44.8267061, -0.559011;"{""coordinates"": [-0.559011, 44.8267061], ""type"": ""Point""}";33063;CUBPK22;Leroy;EFFIA_STATIONNEMENT;435 272 596 01814;;59 rue de Saget 33800 Bordeaux;;;;;;;;;;;;120.0;120.0;60.0;;PAYANT_RESERVE_ABONNES;NORMAL_PAYANT;1.8;2010;CENTRE;AUTRE;CONCESSION_DE_SERVICE;ENTERRE;3;1.9;1.9;0;0;137;0;0;137;3;0;0;0;0;12;0;0;0;https://www.resaplace.com/fr/parking/bordeaux-gare-sncf-le-roy-179;EFFIA;OUVERT;;;0.0;0;2026-03-13T08:19:03+00:00;2018-06-01T00:00:00+00:00;251
44.8592522, -0.6682423;"{""coordinates"": [-0.6682423, 44.8592522], ""type"": ""Point""}";33200;CUBPK57;Parc Relais Le Haillan Rostand;KEOLIS;80822705200012;4.5€ pour 1 à 5 passagers dans le VL;Rue Adrienne Bolland 33185 Le Haillan;0.0;4.5;4.5;4.5;4.5;4.5;4.5;4.5;4.5;;;;;;;PAYANT_TARIF_PARC_RELAIS;AUTRE;0.0;2015;PERIPHERIE;BORDEAUX_METROPOLE;DELEGATION_DE_SERVICE_PUBLIC_POUR_BORDEAUX_METROPOLE;SURFACE;1;2.1;2.1;0;0;204;0;204;204;5;0;5;0;0;5;0;0;0;https://www.infotbm.com/fr/parc-relais;TBM;LIBRE;204;124;0.0;1;2026-03-30T12:30:41+00:00;2018-06-01T00:00:00+00:00;262
44.8881184, -0.5179124;"{""coordinates"": [-0.5179124, 44.8881184], ""type"": ""Point""}";33249;CUBPK50;Parc Relais La Gardette Sud;KEOLIS;80822705200012;3.5€ pour tous les occupants du VL, forfait court séjour;Chemin du Grand Came 33530 Bassens;0.0;3.5;3.5;3.5;3.5;3.5;3.5;3.5;3.5;;;;;;;PAYANT_TARIF_PARC_RELAIS;NORMAL_PAYANT;0.0;2008;PERIPHERIE;BORDEAUX_METROPOLE;DELEGATION_DE_SERVICE_PUBLIC_POUR_BORDEAUX_METROPOLE;SURFACE;1;2.2;2.2;0;0;242;0;242;242;4;0;5;0;0;36;0;0;0;https://www.infotbm.com/fr/parc-relais;TBM;LIBRE;151;113;0.0;1;2026-03-30T12:30:41+00:00;2018-06-01T00:00:00+00:00;263
44.8314625, -0.7018194;"{""coordinates"": [-0.7018194, 44.8314625], ""type"": ""Point""}";33281;CUBPK09;Aeroport P0 Confort;INDIGO;320 229 644 05241;;Avenue Kennedy - 33700 MERIGNAC;;;5.2;5.2;12.2;168.0;17.8;18.7;24.2;25.3;;;;;;PAYANT_TARIF_HORAIRE;NORMAL_PAYANT;0.0;2016;PERIPHERIE;AEROPORT_DE_BORDEAUX;CONCESSION_DE_SERVICE;SURFACE;1;1.9;1.9;0;0;341;0;0;341;3;22;0;0;0;0;0;0;0;http://www.bordeaux.aeroport.fr/fr/info/parkings-aeroport-bordeaux;INDIGO;OUVERT;;;0.0;0;2026-02-12T08:13:01+00:00;2018-06-01T00:00:00+00:00;267
44.8318558, -0.700669;"{""coordinates"": [-0.700669, 44.8318558], ""type"": ""Point""}";33281;CUBPK10;Aeroport P1 Proxi;INDIGO;320 229 644 05241;places Handicapés au P2 avec tarif P4;Avenue Kennedy - 33700 MERIGNAC;;;5.0;5.0;8.3;12.7;13.5;14.4;18.0;19.8;;;;;;PAYANT_TARIF_HORAIRE;AUTRE;0.0;2008;PERIPHERIE;AEROPORT_DE_BORDEAUX;CONCESSION_DE_SERVICE;SURFACE;1;2.3;2.3;0;0;375;0;0;375;0;0;0;0;0;0;0;0;0;http://www.bordeaux.aeroport.fr/fr/info/parkings-aeroport-bordeaux;INDIGO;OUVERT;;;0.0;0;2026-02-12T08:18:31+00:00;2018-06-01T00:00:00+00:00;274
44.7933143, -0.6569533;"{""coordinates"": [-0.6569533, 44.7933143], ""type"": ""Point""}";33318;CUBPK59;Parc Relais Gare De Pessac Alouette;KEOLIS;80822705200012;abonnement annuel Riverain nocturne 300€ et forfait court-séjour, 3.5€ pour tous les occupants du VL;Rue Notre Dame de Lorette 33600 Pessac;0.0;3.5;3.5;3.5;3.5;3.5;3.5;3.5;3.5;;;;;;0.0;PAYANT_TARIF_PARC_RELAIS;AUTRE;0.0;2015;PERIPHERIE;BORDEAUX_METROPOLE;DELEGATION_DE_SERVICE_PUBLIC_POUR_BORDEAUX_METROPOLE;SURFACE;1;2.1;2.1;0;0;148;0;148;148;4;4;5;0;0;0;0;30;7;https://www.infotbm.com/fr/parc-relais;TBM;LIBRE;148;93;0.0;1;2026-03-30T12:30:41+00:00;2018-06-01T00:00:00+00:00;278
44.8330679, -0.5978106;"{""coordinates"": [-0.5978106, 44.8330679], ""type"": ""Point""}";33063;CUBPK35;Porte De Bordeaux;METPARK;453 335 069 00010;Vélos: 50€/an ou 10€/mois;48 rue du Général Larminat 33000 Bordeaux;;;0.7;1.4;2.8;5.6;8.4;10.8;22.0;22.0;7.0;70.0;105.0;;10.0;PAYANT_TARIF_HORAIRE;NORMAL_PAYANT;1.8;1992;CENTRE;BORDEAUX_METROPOLE;REGIE_AUTONOME;ENTERRE;4;1.8;1.8;0;0;704;0;0;704;9;0;0;0;0;6;0;14;0;https://www.mtpk.fr/;METPARK;LIBRE;344;93;0.0;1;2026-03-30T12:31:50+00:00;2018-06-01T00:00:00+00:00;231
44.8451627, -0.5787155;"{""coordinates"": [-0.5787155, 44.8451627], ""type"": ""Point""}";33063;CUBPK32;Lhote;METPARK;453 335 069 00010;"Résidents seulement; Vélos: 50€/an ou 10€/mois";Rue Lhote 33000 Bordeaux;;;;;;;;;;;;80.0;125.0;45.0;10.0;PAYANT_RESERVE_ABONNES;NORMAL_PAYANT;2.5;2004;HYPER_CENTRE;BORDEAUX_METROPOLE;REGIE_AUTONOME;SILO;4;1.8;1.8;0;0;111;0;0;111;3;0;0;0;0;0;0;32;0;https://www.mtpk.fr/;METPARK;OUVERT;;;0.0;0;2026-02-12T15:27:16+00:00;2018-06-01T00:00:00+00:00;242
44.868649, -0.5636551;"{""coordinates"": [-0.5636551, 44.868649], ""type"": ""Point""}";33063;CUBPK103;Les Bassins;INDIGO;320 229 644 05241;;29 rue Lucien Faure 33100 Bordeaux;;;0.7;1.4;2.8;5.6;8.4;11.2;21.0;28.0;21.0;;130.0;65.0;0.0;PAYANT_TARIF_HORAIRE;NORMAL_PAYANT;1.8;2021;CENTRE;AUTRE;GESTION_PRIVEE;SILO;5;1.85;1.85;0;0;424;0;0;424;15;3;0;0;0;0;0;56;0;https://fr.parkindigo.com/parking/bordeaux-33300/les-bassins-33001700;INDIGO;LIBRE;274;142;0.0;0;2026-03-18T04:00:42+00:00;2021-06-16T15:24:34+00:00;743
44.8628438, -0.5556869;"{""coordinates"": [-0.5556869, 44.8628438], ""type"": ""Point""}";33063;CUBPK100;Bassins A Flots;EFFIA_STATIONNEMENT;435 272 596 01814;"vélos acceptés de 8h30 à 20h00; Propriétaire SCI Bordeaux Port Immo";1 quai Armand Lalande Bat G1 33000 Bordeaux;;;0.7;1.4;2.8;5.2;7.6;9.6;20.4;24.8;;130.0;130.0;65.0;;PAYANT_TARIF_HORAIRE;NORMAL_PAYANT;1.8;2020;CENTRE;AUTRE;GESTION_PRIVEE;SILO;3;2.0;2.0;0;0;536;0;0;536;12;10;0;0;0;10;0;100;0;https://www.effia.com/parking/parking-bordeaux-bassins-flot-effia;AUTRE;LIBRE;250;220;0.0;1;2026-03-30T12:32:00+00:00;2020-10-21T15:02:22+00:00;663
44.8426599, -0.6476843;"{""coordinates"": [-0.6476843, 44.8426599], ""type"": ""Point""}";33281;CUBPK39;Merignac Centre;METPARK;453 335 069 00010;Vélos: 50€/an ou 10€/mois. 1h gratuite semaine +samedi 8 à 13h gratuit. Parc mixte avec places P+R abonnés;Place Charles de Gaulle 33700 Merignac;0.0;;0.0;0.0;2.4;4.8;7.2;9.0;9.0;9.0;;50.0;70.0;30.0;10.0;PAYANT_TARIF_HORAIRE;NORMAL_PAYANT;0.0;1985;PERIPHERIE;BORDEAUX_METROPOLE;REGIE_AUTONOME;ENTERRE;3;1.8;1.8;0;0;274;0;100;274;5;47;0;0;0;20;0;84;16;https://www.mtpk.fr/;METPARK;LIBRE;285;195;0.0;1;2026-03-30T12:32:01+00:00;2018-06-01T00:00:00+00:00;266
44.8197814, -0.5613722;"{""coordinates"": [-0.5613722, 44.8197814], ""type"": ""Point""}";33063;CUBPK109;Amedee St Germain;METPARK;453 335 069 00010;ouverture le 13/10/22;3 rue des Echoppes 33800 Bordeaux;;;0.7;1.4;2.8;5.6;8.4;10.8;22.0;22.0;7.0;80.0;105.0;;;PAYANT_TARIF_HORAIRE;NORMAL_PAYANT;1.8;2022;CENTRE;METPARK;REGIE_AUTONOME;MIXTE;3;2.0;2.0;0;0;632;0;0;632;6;116;0;0;0;0;0;0;0;https://www.mtpk.fr/;METPARK;LIBRE;639;320;0.0;1;2026-03-30T12:31:53+00:00;2022-03-21T09:18:59+00:00;1583
44.8591928, -0.5430609;"{""coordinates"": [-0.5430609, 44.8591928], ""type"": ""Point""}";33063;CUBPK117;Parking Brazza Yespark;AUTRE;80155849500058;Réservation obligatoire via Yespark, 1h minimum;rue Marianne, 33100 Bordeaux Bastide;;;;;1.5;3.0;4.5;6.0;17.0;18.0;;63.0;63.0;;;PAYANT_TARIF_HORAIRE;NORMAL_PAYANT;0.0;2023;CENTRE;AUTRE;GESTION_PRIVEE;SILO;4;1.9;1.9;0;0;444;0;0;444;14;6;0;0;0;0;;;;https://www.yespark.fr/parkings/42112-bordeaux-brazza;AUTRE;OUVERT;;;0.0;0;2025-09-15T07:05:00+00:00;2025-09-04T11:36:18+00:00;2053
44.8238279, -0.5302056;"{""coordinates"": [-0.5302056, 44.8238279], ""type"": ""Point""}";33167;CUBPK116;Parc Relais Arena Floirac;KEOLIS;;400 places Parc-relais dans le parking Arena Metpark.;;0.0;4.5;;;;;;;;;;;;;;PAYANT_TARIF_PARC_RELAIS;NORMAL_PAYANT;;;PERIPHERIE;;;SILO;;;;;;;;;;;;;;;;;;;;METPARK;OUVERT;;;0.0;0;2026-01-12T10:59:14+00:00;2025-03-19T13:15:44+00:00;2003
44.8050626, -0.6322347;"{""coordinates"": [-0.6322347, 44.8050626], ""type"": ""Point""}";33318;CUBPK117;Parc Relais Pessac Centre, Mixte;KEOLIS;;80 places parc relais posibles dans le parking Metpark;;;;;;;;;;;;;;;;;PAYANT_TARIF_PARC_RELAIS;NORMAL_PAYANT;;;PERIPHERIE;BORDEAUX_METROPOLE;DELEGATION_DE_SERVICE_PUBLIC_POUR_BORDEAUX_METROPOLE;;;;;;;;;;;;;;;;;;;;;METPARK;OUVERT;;;0.0;0;2026-03-16T15:15:36+00:00;2026-01-12T10:54:38+00:00;2113
44.8423537, -0.5798571;"{""coordinates"": [-0.5798571, 44.8423537], ""type"": ""Point""}";33063;CUBPK15;Clemenceau;Q_PARK;37888823401562;;Cours Georges Clemenceau 33000 Bordeaux;;;0.8;1.6;3.6;7.4;11.1;14.5;29.0;38.2;;212.0;122.0;53.0;;PAYANT_TARIF_HORAIRE;NORMAL_PAYANT;2.5;2014;HYPER_CENTRE;Q_PARK;GESTION_PRIVEE;ENTERRE;7;1.9;1.9;0;0;379;0;0;379;7;20;0;0;2;18;0;0;0;https://www.q-park.fr/fr-fr/villes/bordeaux/clémenceau-auditorium/;Q_PARK;LIBRE;379;257;0.0;1;2026-03-30T12:29:47+00:00;2018-06-01T00:00:00+00:00;246
44.8504981, -0.5575195;"{""coordinates"": [-0.5575195, 44.8504981], ""type"": ""Point""}";33063;CUBPK92;Bastide Niel;INTERPARKING;692 051 113 00102;Parking de BMA, Bordeaux Métropole Amenagement, abonnés pour le moment;105 quai des Queyries 33100 Bordeaux;;;;;;;;;;;;60.0;60.0;;;PAYANT_RESERVE_ABONNES;NORMAL_PAYANT;0.0;2018;CENTRE;AUTRE;GESTION_PRIVEE;SURFACE;1;1.95;1.95;0;0;248;0;0;248;5;0;0;0;0;0;0;0;0;https://www.interparking-france.com/fr-FR/find-parking/ParkingBastideNiel/;INTERPARKING;OUVERT;;;0.0;0;2026-03-03T10:52:44+00:00;2019-02-22T15:07:51+00:00;464
44.8631962, -0.5785125;"{""coordinates"": [-0.5785125, 44.8631962], ""type"": ""Point""}";33063;CUBPK95;Grand Parc;METPARK;453 335 069 00010;Vélos: 50€/an ou 10€/mois;Rue François Lévêque 33000 Bordeaux;;;0.7;1.4;2.8;5.6;8.4;10.8;22.0;22.0;7.0;80.0;105.0;45.0;10.0;PAYANT_TARIF_HORAIRE;NORMAL_PAYANT;1.8;2019;CENTRE;METPARK;REGIE_AUTONOME;SILO;4;2.0;2.0;0;0;349;0;0;349;8;7;0;0;0;13;0;108;0;https://www.mtpk.fr/;METPARK;LIBRE;341;85;0.0;1;2026-03-30T12:32:00+00:00;2019-12-09T14:54:27+00:00;593
44.8742948, -0.6270837;"{""coordinates"": [-0.6270837, 44.8742948], ""type"": ""Point""}";33069;CUBPK98;Parc Relais De L'Hippodrome;KEOLIS;80822705200012;4.5€ conducteur seul et 4€ pour 2 à 5 personnes dans VL;Avenue de l'Hippodrome 33320 Eysines;0.0;4.5;4.5;4.5;4.5;4.5;4.5;4.5;4.5;;;;;;;PAYANT_TARIF_PARC_RELAIS;AUTRE;0.0;2020;PERIPHERIE;BORDEAUX_METROPOLE;DELEGATION_DE_SERVICE_PUBLIC_POUR_BORDEAUX_METROPOLE;SURFACE;1;1.9;1.9;0;0;250;0;250;250;7;5;0;0;0;0;0;32;0;https://www.infotbm.com/fr/parc-relais;TBM;LIBRE;250;58;0.0;1;2026-03-30T12:31:01+00:00;2020-03-02T15:16:49+00:00;624
44.8800906, -0.5684187;"{""coordinates"": [-0.5684187, 44.8800906], ""type"": ""Point""}";33063;CUBPK99;Centre Commercant Ginko;INDIGO;320 229 644 05241;Propriété de Bouygues Immobilier;rue Jean Royer 33300 Bordeaux;;;0.0;0.0;0.0;0.0;2.4;4.8;18.0;18.0;;86.0;86.0;;;PAYANT_TARIF_HORAIRE;NORMAL_PAYANT;0.0;2020;PERIPHERIE;AUTRE;GESTION_PRIVEE;ENTERRE;3;1.9;1.9;0;0;952;0;0;952;20;8;0;0;0;0;0;0;0;https://fr.parkindigo.com/parking/bordeaux-33300/parking-centre-commercial-ginko-33001600;INDIGO;LIBRE;930;867;0.0;0;2026-03-18T04:00:15+00:00;2020-04-16T10:24:06+00:00;643
44.8882821, -0.5177862;"{""coordinates"": [-0.5177862, 44.8882821], ""type"": ""Point""}";33032;CUBPK49;Parc Relais La Gardette Nord;KEOLIS;80822705200012;3.5€ pour tous les occupants du VL, forfait court séjour;Chemin du Grand Came 33310 Lormont;0.0;3.5;3.5;3.5;3.5;3.5;3.5;3.5;3.5;;;;;;0.0;PAYANT_TARIF_PARC_RELAIS;NORMAL_PAYANT;0.0;2008;PERIPHERIE;BORDEAUX_METROPOLE;DELEGATION_DE_SERVICE_PUBLIC_POUR_BORDEAUX_METROPOLE;SURFACE;1;2.2;2.2;0;0;151;0;151;151;4;0;5;0;0;0;0;30;7;https://www.infotbm.com/fr/parc-relais;TBM;LIBRE;242;90;0.0;1;2026-03-30T12:31:01+00:00;2018-06-01T00:00:00+00:00;211
44.807671, -0.5397772;"{""coordinates"": [-0.5397772, 44.807671], ""type"": ""Point""}";33039;CUBPK72;Begles Les Secheries;METPARK;453 335 069 00010;Vélos: 50€/an ou 10€/mois;13 allee des Francs 33130 Bègles;;;0.6;1.2;2.4;4.8;7.2;9.0;9.0;9.0;5.0;50.0;70.0;30.0;10.0;PAYANT_TARIF_HORAIRE;NORMAL_PAYANT;0.0;2016;PERIPHERIE;METPARK;REGIE_AUTONOME;SILO;3;1.9;3.0;0;0;405;0;0;405;9;8;0;0;0;7;0;19;0;https://www.mtpk.fr/;METPARK;LIBRE;300;294;0.0;1;2026-03-30T12:31:59+00:00;2018-06-01T00:00:00+00:00;213
44.8391646, -0.5839712;"{""coordinates"": [-0.5839712, 44.8391646], ""type"": ""Point""}";33063;CUBPK30;Centre Commercial Meriadeck;METPARK;453 335 069 00010;Vélos: 50€/an ou 10€/mois, 2h gratuite clients Centre commercial quand il est ouvert;Rue Claude Bonnier 33000 Bordeaux;;;0.8;1.6;3.2;6.4;9.6;12.0;24.0;24.0;7.0;80.0;125.0;45.0;10.0;PAYANT_TARIF_HORAIRE;NORMAL_PAYANT;2.5;1980;HYPER_CENTRE;BORDEAUX_METROPOLE;REGIE_AUTONOME;MIXTE;5;1.8;1.8;0;0;1323;0;0;1323;34;19;0;0;5;33;0;32;0;https://www.mtpk.fr/;METPARK;LIBRE;1230;725;0.0;1;2026-03-30T12:32:01+00:00;2018-06-01T00:00:00+00:00;220
44.829979, -0.5670322;"{""coordinates"": [-0.5670322, 44.829979], ""type"": ""Point""}";33063;CUBPK19;Capucins;GERAUD;449 513 639 00012;telephone parking 05 56 31 47 27;Place des Capucins 33800 Bordeaux;;;0.9;1.9;2.8;5.6;8.4;10.1;15.6;20.1;;115.0;115.0;45.0;;PAYANT_TARIF_HORAIRE;NORMAL_PAYANT;2.5;1999;CENTRE;VILLE_DE_BORDEAUX;DELEGATION_DE_SERVICE_PUBLIC_POUR_LA_VILLE_DE_BORDEAUX;SILO;2;1.9;1.9;0;0;270;0;0;270;6;0;0;0;0;20;0;10;0;https://www.bordeaux.fr/l515/parking-capucins;GERAUD;LIBRE;270;0;0.0;0;2025-06-05T09:21:24+00:00;2018-06-01T00:00:00+00:00;223
44.8389894, -0.5720891;"{""coordinates"": [-0.5720891, 44.8389894], ""type"": ""Point""}";33063;CUBPK06;Camille Jullian;INDIGO;320 229 644 05241;;Place Camille Jullian - 33000 BORDEAUX;;;1.2;2.4;3.2;6.9;8.7;11.0;21.4;29.9;8.5;134.2;171.9;64.8;;PAYANT_TARIF_HORAIRE;NORMAL_PAYANT;2.5;1991;HYPER_CENTRE;BORDEAUX_METROPOLE;DELEGATION_DE_SERVICE_PUBLIC_POUR_BORDEAUX_METROPOLE;ENTERRE;4;1.9;1.9;0;0;338;0;0;338;7;0;0;0;0;5;0;0;0;https://fr.parkindigo.com/parking/camille-jullian-33001400;INDIGO_CENTRAL_PARCS;LIBRE;338;225;0.0;0;2026-03-18T04:01:02+00:00;2018-06-01T00:00:00+00:00;224
44.8245206, -0.5661676;"{""coordinates"": [-0.5661676, 44.8245206], ""type"": ""Point""}";33063;CUBPK75;Rue De Begles;METPARK;453 335 069 00010;Résidents seulement;120 Rue de Bègles 33800 Bordeaux;;;;;;;;;;;;70.0;100.0;;;PAYANT_RESERVE_ABONNES;NORMAL_PAYANT;1.8;2014;CENTRE;BORDEAUX_METROPOLE;REGIE_AUTONOME;ENTERRE;1;1.8;1.8;0;0;63;0;0;63;2;0;0;0;0;0;0;0;0;https://www.mtpk.fr/;METPARK;OUVERT;;;0.0;0;2025-03-20T10:28:59+00:00;2018-06-01T00:00:00+00:00;252
44.8223325, -0.5551923;"{""coordinates"": [-0.5551923, 44.8223325], ""type"": ""Point""}";33063;CUBPK81;P3 Belcier - Gare Saint Jean;INDIGO;320 229 644 05241;accès identiques pour les parkings P4 et P3  et 74 places supplementaires en ARRET MINUTE P3Belcier - Saint Jean;Rond-Point Pierre Sémard 33800 BORDEAUX;;;2.3;4.6;9.2;14.0;16.8;22.4;34.5;34.5;;;;;;PAYANT_TARIF_HORAIRE;NORMAL_PAYANT;1.8;2017;CENTRE;SNCF;AUTORISATION_OCCUPATION_TEMPORAIRE;SILO;7;1.88;1.88;0;0;738;0;0;738;19;7;0;0;0;44;0;0;0;https://fr.parkindigo.com/parkings-france/bordeaux;INDIGO_INFRA_FRANCE;COMPLET;767;0;0.0;0;2026-03-18T04:01:12+00:00;2018-06-01T00:00:00+00:00;253
44.8640767, -0.5503609;"{""coordinates"": [-0.5503609, 44.8640767], ""type"": ""Point""}";33063;CUBPK80;Cite Du Vin;INTERPARKING;692 051 113 00102;31 places électriques de plus d'ici fin 2023 pour un total de 51;2 Rue de Gironde 33300 Bordeaux;;;0.7;1.4;2.6;5.6;8.7;11.5;23.3;23.3;;115.0;115.0;47.0;6.0;PAYANT_TARIF_HORAIRE;NORMAL_PAYANT;0.0;2017;CENTRE;INTERPARKING;GESTION_PRIVEE;SILO;7;1.95;1.95;0;0;405;0;0;405;9;52;0;0;0;13;4;93;4;https://www.interparking.fr/fr-FR/find-parking/LaCiteduVin/;INTERPARKING;INCONNU;0;0;0.0;0;2025-04-06T21:26:13+00:00;2018-06-01T00:00:00+00:00;254
44.8882273, -0.6111779;"{""coordinates"": [-0.6111779, 44.8882273], ""type"": ""Point""}";33075;CUBPK77;Parc Relais Gare De Bruges;KEOLIS;80822705200012;4.50€ pour 2 à 5 passagers;Avenue de Terrefort 33520 Bruges;0.0;4.5;4.5;4.5;4.5;4.5;4.5;4.5;4.5;;;;;;;PAYANT_TARIF_PARC_RELAIS;NORMAL_PAYANT;0.0;2016;PERIPHERIE;BORDEAUX_METROPOLE;DELEGATION_DE_SERVICE_PUBLIC_POUR_BORDEAUX_METROPOLE;SURFACE;1;2.2;2.2;0;0;58;0;58;58;3;0;5;0;0;0;0;0;0;https://www.infotbm.com/fr/parc-relais;TBM;LIBRE;57;57;0.0;1;2026-03-30T12:30:41+00:00;2018-06-01T00:00:00+00:00;259
44.8787981, -0.518605;"{""coordinates"": [-0.518605, 44.8787981], ""type"": ""Point""}";33249;CUBPK51;Parc Relais Lauriers;KEOLIS;80822705200012;3.5€ pour tous les occupants du VL, forfait court sejour;Rue Victor Hugo 33310 Lormont;0.0;3.5;3.5;3.5;3.5;3.5;3.5;3.5;3.5;;;;;;0.0;PAYANT_TARIF_PARC_RELAIS;NORMAL_PAYANT;0.0;2003;PERIPHERIE;BORDEAUX_METROPOLE;DELEGATION_DE_SERVICE_PUBLIC_POUR_BORDEAUX_METROPOLE;SURFACE;1;2.0;2.0;0;0;189;0;189;189;4;0;5;0;0;40;0;40;0;https://www.infotbm.com/fr/parc-relais;TBM;LIBRE;149;76;0.0;1;2026-03-30T12:30:41+00:00;2018-06-01T00:00:00+00:00;264
44.8315424, -0.6458586;"{""coordinates"": [-0.6458586, 44.8315424], ""type"": ""Point""}";33281;CUBPK53;Parc Relais Quatre Chemins;KEOLIS;80822705200012;3.5€ pour tous les occupants du VL, forfait court séjour;250 Avenue de la Marne 33700 Mérignac;0.0;3.5;3.5;3.5;3.5;3.5;3.5;3.5;3.5;;;;;;0.0;PAYANT_TARIF_PARC_RELAIS;NORMAL_PAYANT;0.0;2008;PERIPHERIE;BORDEAUX_METROPOLE;DELEGATION_DE_SERVICE_PUBLIC_POUR_BORDEAUX_METROPOLE;SILO;5;2.0;2.0;0;0;398;0;398;398;8;4;10;0;0;38;6;14;0;https://www.infotbm.com/fr/parc-relais;TBM;LIBRE;396;235;0.0;1;2026-03-30T12:30:41+00:00;2018-06-01T00:00:00+00:00;270
44.8328142, -0.6980962;"{""coordinates"": [-0.6980962, 44.8328142], ""type"": ""Point""}";33281;CUBPK11;Aeroport P2 Flexi;INDIGO;320 229 644 05241;25 places P2 Handicap au tarif P4;Avenue Kennedy - 33700 MERIGNAC;;;3.3;3.9;5.0;7.2;9.4;10.7;16.0;19.3;;;;;;PAYANT_TARIF_HORAIRE;NORMAL_PAYANT;0.0;2008;PERIPHERIE;AEROPORT_DE_BORDEAUX;CONCESSION_DE_SERVICE;SURFACE;1;2.3;2.3;0;0;3377;0;0;3377;25;0;0;0;0;0;0;0;0;http://www.bordeaux.aeroport.fr/fr/info/parkings-aeroport-bordeaux;INDIGO;OUVERT;;;0.0;0;2026-02-12T08:17:20+00:00;2018-06-01T00:00:00+00:00;272
44.7942149, -0.6219984;"{""coordinates"": [-0.6219984, 44.7942149], ""type"": ""Point""}";33318;CUBPK56;Parc Relais Unitec;KEOLIS;80822705200012;4.5€ pour 1 à 5 passagers dans le VL;Avenue du Docteur Albert Schweitzer 33600 Pessac;0.0;4.5;4.5;4.5;4.5;4.5;4.5;4.5;4.5;;;;;;0.0;PAYANT_TARIF_PARC_RELAIS;AUTRE;0.0;2004;PERIPHERIE;BORDEAUX_METROPOLE;DELEGATION_DE_SERVICE_PUBLIC_POUR_BORDEAUX_METROPOLE;SURFACE;1;1.85;1.85;0;0;249;0;249;249;5;0;5;0;0;28;0;56;4;https://www.infotbm.com/fr/parc-relais;TBM;LIBRE;218;13;0.0;1;2026-03-30T12:30:41+00:00;2018-06-01T00:00:00+00:00;277
44.8060586, -0.6007667;"{""coordinates"": [-0.6007667, 44.8060586], ""type"": ""Point""}";33522;CUBPK42;Parc Relais Arts Et Metiers;KEOLIS;80822705200012;mi 2023 : 432 places ouvertes sur 593 au total. 4.5€ pour 1 à 5 passagers dans le VL;Avenue de l’Université 33400 Talence;0.0;4.5;4.5;4.5;4.5;4.5;4.5;4.5;4.5;;;;;;0.0;PAYANT_TARIF_PARC_RELAIS;AUTRE;0.0;2004;PERIPHERIE;BORDEAUX_METROPOLE;DELEGATION_DE_SERVICE_PUBLIC_POUR_BORDEAUX_METROPOLE;SILO;4;1.9;1.9;0;0;593;0;593;593;12;10;10;0;0;50;0;33;0;https://www.infotbm.com/fr/parc-relais;TBM;LIBRE;590;592;0.0;1;2026-03-30T12:30:41+00:00;2018-06-01T00:00:00+00:00;279
44.8111812, -0.5927953;"{""coordinates"": [-0.5927953, 44.8111812], ""type"": ""Point""}";33522;CUBPK83;Talence 7e Art;METPARK;453 335 069 00010;Parking du cinéma géré par Metpark;Avenue du 7e art 33400 Talence;;;0.0;0.0;0.0;0.0;4.5;6.6;15.0;15.0;;50.0;70.0;;0.0;PAYANT_TARIF_HORAIRE;NORMAL_PAYANT;0.0;2017;PERIPHERIE;AGORA_CINEMA;REGIE_AUTONOME;ENTERRE;2;1.9;1.9;0;0;321;0;0;321;7;0;0;0;0;0;0;0;0;https://www.mtpk.fr/;METPARK;OUVERT;;;0.0;0;2026-02-20T14:50:48+00:00;2018-06-01T00:00:00+00:00;280
44.7884435, -0.6506672;"{""coordinates"": [-0.6506672, 44.7884435], ""type"": ""Point""}";33318;CUBPK88;Parc Relais Cap Metiers;KEOLIS;80822705200012;abonnement annuel Riverain nocturne 300€ et forfait court-séjour, 3.5€ pour tous les occupants du VL;Allée Héliodore Galienne 33600 Pessac;0.0;3.5;3.5;3.5;3.5;3.5;3.5;3.5;3.5;;;;;;0.0;PAYANT_TARIF_PARC_RELAIS;AUTRE;0.0;2018;PERIPHERIE;BORDEAUX_METROPOLE;DELEGATION_DE_SERVICE_PUBLIC_POUR_BORDEAUX_METROPOLE;SILO;1;2.1;2.1;0;0;146;0;146;146;7;4;5;0;0;0;0;28;6;https://www.infotbm.com/fr/parc-relais;TBM;LIBRE;146;136;0.0;1;2026-03-30T12:31:01+00:00;2018-11-13T16:04:59+00:00;321
44.8562762, -0.6594896;"{""coordinates"": [-0.6594896, 44.8562762], ""type"": ""Point""}";33281;CUBPK58;Parc Relais Les Pins;KEOLIS;80822705200012;abonnement annuel Riverain nocturne 300€ et forfait court-séjour, 3.5€ pour tous les occupants du VL;Rue Alphonse Daudet 33700 Mérignac;0.0;3.5;3.5;3.5;3.5;3.5;3.5;3.5;3.5;;;;;;0.0;PAYANT_TARIF_PARC_RELAIS;AUTRE;0.0;2015;PERIPHERIE;BORDEAUX_METROPOLE;DELEGATION_DE_SERVICE_PUBLIC_POUR_BORDEAUX_METROPOLE;SURFACE;1;2.1;2.1;0;0;220;0;220;220;5;0;5;0;0;10;0;40;7;https://www.infotbm.com/fr/parc-relais;TBM;LIBRE;220;196;0.0;1;2026-03-30T12:30:41+00:00;2018-06-01T00:00:00+00:00;273
44.8496312, -0.5703787;"{""coordinates"": [-0.5703787, 44.8496312], ""type"": ""Point""}";33063;CUBPK27;Cite Mondiale;METPARK;453 335 069 00010;moins 40% pour abonnements aux titulaires  carte européenne Mobilité inclusion;20 Quai des Chartrons 33000 Bordeaux;;;0.8;1.6;3.2;6.4;9.6;12.0;24.0;24.0;7.0;80.0;125.0;;;PAYANT_TARIF_HORAIRE;AUTRE;2.5;1992;HYPER_CENTRE;BORDEAUX_METROPOLE;REGIE_AUTONOME;ENTERRE;4;1.8;1.8;0;0;841;0;0;841;13;0;0;3;2;0;0;0;0;https://www.mtpk.fr/;METPARK;LIBRE;842;208;0.0;1;2026-03-30T12:31:52+00:00;2018-06-01T00:00:00+00:00;229
44.8423509, -0.5603009;"{""coordinates"": [-0.5603009, 44.8423509], ""type"": ""Point""}";33063;CUBPK79;Megarama;METPARK;453 335 069 00010;Abonnement 150€ mensuel: lundi à vendredi 7h à 18h30;Quai de Queyries 33100 Bordeaux;;;0.8;1.6;3.2;6.0;8.4;10.8;22.8;40.0;7.8;85.0;150.0;;;PAYANT_TARIF_HORAIRE;NORMAL_PAYANT;1.8;2016;CENTRE;AGORA_CINEMA;GESTION_PRIVEE;ENTERRE;3;1.9;1.9;0;0;526;0;0;526;12;0;0;0;0;0;0;0;0;https://www.mtpk.fr/;METPARK;OUVERT;;;0.0;0;2025-03-05T12:07:29+00:00;2018-06-01T00:00:00+00:00;232
44.8464297, -0.5729482;"{""coordinates"": [-0.5729482, 44.8464297], ""type"": ""Point""}";33063;CUBPK18;Allees De Chartres;METPARK;453 335 069 00010;9 places pour Autocars à 8€ la 1e heure;Allées de Bristol 33000 Bordeaux;;;0.8;1.6;3.2;6.4;9.6;12.0;24.0;24.0;7.0;80.0;110.0;;10.0;PAYANT_TARIF_HORAIRE;NORMAL_PAYANT;2.5;2005;HYPER_CENTRE;BORDEAUX_METROPOLE;REGIE_AUTONOME;SURFACE;1;4.0;4.0;20;9;467;0;0;467;10;8;0;5;0;0;0;0;0;https://www.mtpk.fr/;METPARK;LIBRE;415;101;0.0;1;2026-03-30T12:31:48+00:00;2018-06-01T00:00:00+00:00;233
44.8382624, -0.5569718;"{""coordinates"": [-0.5569718, 44.8382624], ""type"": ""Point""}";33063;CUBPK55;Parc Relais Stalingrad;KEOLIS;80822705200012;4.5€ pour 1 à 5 passagers dans le VL, 214 places mais 121 a partir du 7 avril 2025;Rue Letellier 33000 Bordeaux;0.0;4.5;4.5;4.5;4.5;4.5;4.5;4.5;4.5;;;;;;0.0;PAYANT_TARIF_PARC_RELAIS;AUTRE;1.8;2004;PERIPHERIE;BORDEAUX_METROPOLE;DELEGATION_DE_SERVICE_PUBLIC_POUR_BORDEAUX_METROPOLE;SURFACE;1;1.9;1.9;0;0;120;0;120;120;6;0;5;0;0;20;0;20;0;https://www.infotbm.com/fr/parc-relais;TBM;LIBRE;120;2;0.0;1;2026-03-30T12:30:41+00:00;2018-06-01T00:00:00+00:00;234
44.8295686, -0.5535744;"{""coordinates"": [-0.5535744, 44.8295686], ""type"": ""Point""}";33063;CUBPK78;Paludate - Saint Jean;METPARK;453 335 069 00010;Vélos: 50€/an ou 10€/mois;Rue Terres de Borde 33800 Bordeaux;;;0.7;1.4;2.8;5.6;8.4;10.8;22.0;22.0;7.0;80.0;110.0;45.0;10.0;PAYANT_TARIF_HORAIRE;NORMAL_PAYANT;1.8;2017;CENTRE;METPARK;REGIE_AUTONOME;SILO;3;2.4;2.4;0;0;566;0;0;566;12;20;0;0;0;20;0;72;0;https://www.mtpk.fr/;METPARK;LIBRE;566;164;0.0;1;2026-03-30T12:31:55+00:00;2018-06-01T00:00:00+00:00;239
44.8731899, -0.575195;"{""coordinates"": [-0.575195, 44.8731899], ""type"": ""Point""}";33063;CUBPK52;Parc Relais Les Aubiers;KEOLIS;80822705200012;4.5€ pour 1 à 5 passagers dans le VL;Rue du jonc 33000 Bordeaux;0.0;4.5;4.5;4.5;4.5;4.5;4.5;4.5;4.5;;;;;;;PAYANT_TARIF_PARC_RELAIS;AUTRE;0.0;2008;PERIPHERIE;BORDEAUX_METROPOLE;DELEGATION_DE_SERVICE_PUBLIC_POUR_BORDEAUX_METROPOLE;SURFACE;1;2.2;2.2;0;0;234;0;234;234;5;0;5;0;0;40;0;0;0;https://www.infotbm.com/fr/parc-relais;TBM;LIBRE;234;177;0.0;1;2026-03-30T12:30:41+00:00;2018-06-01T00:00:00+00:00;240
44.8380143, -0.5687112;"{""coordinates"": [-0.5687112, 44.8380143], ""type"": ""Point""}";33063;CUBPK17;Alsace Lorraine;METPARK;453 335 069 00010;Moins 40% pour abonnements aux titulaires  carte européenne Mobilité inclusion;11 rue Alsace Lorraine 33000 Bordeaux;;;;;;;;;;;;85.0;110.0;;;PAYANT_RESERVE_ABONNES;NORMAL_PAYANT;2.5;1983;HYPER_CENTRE;BORDEAUX_METROPOLE;REGIE_AUTONOME;ENTERRE;5;1.8;1.8;0;0;122;0;0;122;0;0;0;0;0;0;0;0;0;https://www.mtpk.fr/;METPARK;OUVERT;;;0.0;0;2026-02-12T14:15:04+00:00;2018-06-01T00:00:00+00:00;243
44.8254904, -0.5485224;"{""coordinates"": [-0.5485224, 44.8254904], ""type"": ""Point""}";33063;CUBPK104;Brienne;INDIGO;32022964405241;"entrée VL derrière le batiment par rue de la Seiglière, puis à gauche; propriétaire Indigo infra; 413 places dont 50 amodiations, soit 363 places ouvertes";102 quai de Paludate 33800 Bordeaux;;;0.6;1.2;2.4;4.8;7.2;9.6;20.0;26.0;6.0;108.0;108.0;54.0;;PAYANT_TARIF_HORAIRE;NORMAL_PAYANT;1.8;2021;CENTRE;AUTRE;GESTION_PRIVEE;SILO;5;1.9;1.9;0;0;363;0;0;363;9;6;0;0;0;20;0;0;0;https://fr.parkindigo.com/parkings-france/bordeaux;INDIGO;LIBRE;300;177;0.0;0;2026-03-18T04:00:25+00:00;2021-10-07T14:46:02+00:00;773
44.8276873, -0.5562101;"{""coordinates"": [-0.5562101, 44.8276873], ""type"": ""Point""}";33063;CUBPK105;Gare Saint Jean Arret Minute P1 Nord;METPARK;453 335 069 000 10;pour plus de 2 heures l'arrêt minute est très cher Se reporter sur les places du Parking Saint Jean;Rue Charles Domerq  Nord33800 Bordeaux;;;3.0;6.0;12.0;21.0;27.0;33.0;57.0;57.0;;;;;;PAYANT_TARIF_HORAIRE;NORMAL_PAYANT;1.8;1990;CENTRE;SNCF_GARES_ET_CONNEXIONS_BAIL_45_ANS;CONCESSION_DE_SERVICE;ENTERRE;1;1.8;1.8;0;0;44;0;0;44;0;0;0;0;0;0;0;0;0;https://www.mtpk.fr/;METPARK;LIBRE;46;46;0.0;0;2025-05-09T14:39:46+00:00;2021-11-04T15:00:43+00:00;783
44.8204466, -0.5556937;"{""coordinates"": [-0.5556937, 44.8204466], ""type"": ""Point""}";33063;CUBPK111;Saint Jean Armagnac;INTERPARKING;69205111300102;mise en service aout 2023;27 Rue Paul Peyrat, 33800 Bordeaux;;;0.4;0.8;1.6;3.2;4.8;6.4;16.0;19.0;;109.0;109.0;49.0;;PAYANT_TARIF_HORAIRE;NORMAL_PAYANT;;2023;CENTRE;INTERPARKING;GESTION_PRIVEE;SILO;5;1.9;1.9;0;0;496;0;0;496;10;99;0;0;0;7;0;0;0;https://www.interparking.fr/fr-FR/find-parking/ParkingSaintJeanARMAGNAC/;INTERPARKING;OUVERT;;;0.0;0;2026-03-03T11:00:02+00:00;2023-08-28T14:50:00+00:00;1663
44.8388371, -0.5548014;"{""coordinates"": [-0.5548014, 44.8388371], ""type"": ""Point""}";33063;CUBPK112;Amplitude;METPARK;453 335 069 00010;ouverture en janvier 2024;6 rue René Buthaud 33100 Bordeaux;;;0.7;1.4;2.8;5.6;8.4;10.8;22.0;22.0;7.0;80.0;105.0;45.0;;PAYANT_TARIF_HORAIRE;NORMAL_PAYANT;1.8;2023;CENTRE;METPARK;REGIE_AUTONOME;SILO;2;2.0;2.0;0;0;401;0;0;401;6;60;0;0;0;0;0;0;0;https://www.mtpk.fr/parkings/;METPARK;LIBRE;396;176;0.0;1;2026-03-30T12:31:56+00:00;2024-01-17T10:56:15+00:00;1753
44.8424978, -0.647785;"{""coordinates"": [-0.647785, 44.8424978], ""type"": ""Point""}";33281;CUBPK118;Parc Relais Merignac Centre, Mixte;KEOLIS;;;;;;;;;;;;;;;;;;;PAYANT_TARIF_PARC_RELAIS;;;;PERIPHERIE;BORDEAUX_METROPOLE;DELEGATION_DE_SERVICE_PUBLIC_POUR_BORDEAUX_METROPOLE;ENTERRE;;;;;;;;;;;;;;;;;;;;METPARK;OUVERT;;;0.0;0;;2026-01-13T07:43:31+00:00;2123
